Intercept,stories 1,stories 2,sqft,bath 1,bath 2,bath 3,bath 4,bath 5,beds 2,beds 3,beds 4,beds 5,beds 6,age,vacant 0,vacant 1,Price,beds,bath,stories,vacant,sqrt_Price,tr2_Price,Predicted_Price,lclm_,uclm_,lcl_,ucl_,r_,cookd_
1,0,1,2727,0,0,1,0,0,0,0,0,1,0,8,1,0,163,5,3,2,0,12.76714534,5.462555571,172.4389851,160.1725406,184.7054296,120.2563502,224.6216201,-9.438985109,0.000678294
1,1,0,1069,0,1,0,0,0,0,1,0,0,0,5,1,0,88,3,2,1,0,9.38083152,4.447960181,83.70396743,77.82851899,89.57941588,32.64436867,134.7635662,4.296032568,2.93584E-05
1,0,1,2846,0,0,1,0,0,0,0,1,0,0,56,1,0,165,4,3,2,0,12.84523258,5.484806552,194.3211787,185.9824516,202.6599059,142.9198548,245.7225027,-29.32117873,0.00283233
1,0,1,1790,0,0,1,0,0,0,0,1,0,0,36,1,0,150,4,3,2,0,12.24744871,5.313292846,115.7754495,107.8901615,123.6607374,64.44573587,167.105163,34.22455055,0.003430386
1,1,0,2200,0,1,0,0,0,0,0,1,0,0,28,1,0,159.95,4,2,1,0,12.64713406,5.428269671,156.2941769,148.8451395,163.7432143,105.0296678,207.558686,3.655823096,3.47449E-05
1,1,0,1122,1,0,0,0,0,1,0,0,0,0,60,1,0,110,2,1,1,0,10.48808848,4.791419857,87.94549602,80.55324932,95.33774272,36.68920819,139.2017839,22.05450398,0.00124445
1,0,1,2700,0,0,1,0,0,0,0,1,0,0,68,1,0,157,4,3,2,0,12.52996409,5.394690712,176.5804795,167.6720399,185.4889192,125.0836638,228.0772952,-19.5804795,0.001452941
1,0,1,2581,0,1,0,0,0,0,1,0,0,0,85,1,0,160.5,3,2,2,0,12.66885946,5.434484389,169.7014875,156.8997913,182.5031837,117.3904451,222.0125299,-9.201487491,0.000709915
1,1,0,2048,0,1,0,0,0,0,1,0,0,0,17,1,0,220,3,2,1,0,14.83239697,6.036810737,159.5710849,153.7180552,165.4241146,108.514061,210.6281088,60.4289151,0.005763371
1,1,0,1458,0,1,0,0,0,0,1,0,0,0,17,1,0,88,3,2,1,0,9.38083152,4.447960181,110.4789855,106.0700485,114.8879225,59.56729275,161.3906782,-22.47898548,0.000447291
1,1,0,1712,0,1,0,0,0,0,1,0,0,0,10,1,0,125,3,2,1,0,11.18033989,5,134.8758331,129.9884108,139.7632554,83.92047395,185.8311923,-9.875833111,0.000106461
1,1,0,1059,0,1,0,0,0,0,1,0,0,0,14,1,0,85.5,3,2,1,0,9.246621005,4.405434058,78.67753435,72.99814804,84.35692067,27.64012494,129.7149438,6.822465648,6.90599E-05
1,1,0,1197,1,0,0,0,0,0,1,0,0,0,48,1,0,99.95,3,1,1,0,9.997499687,4.640815107,85.34751568,78.37244898,92.32258238,34.14972973,136.5453016,14.60248432,0.00048341
1,1,0,1600,0,1,0,0,0,1,0,0,0,0,29,1,0,91,2,2,1,0,9.539392014,4.497941445,131.1328736,122.508172,139.7575752,79.68438275,182.5813644,-40.13287358,0.00569843
1,1,0,1254,1,0,0,0,0,0,1,0,0,0,42,1,0,94.5,3,1,1,0,9.721111048,4.554883458,92.88655412,85.92436385,99.84874439,41.69052084,144.0825874,1.613445878,5.88E-06
1,1,0,1224,1,0,0,0,0,0,1,0,0,0,40,1,0,94,3,1,1,0,9.695359715,4.546835944,91.32242648,84.36445464,98.28039831,40.12696669,142.5178863,2.677573524,1.61708E-05
1,1,0,1806,0,1,0,0,0,0,1,0,0,0,8,1,0,125,3,2,1,0,11.18033989,5,143.629367,138.3576837,148.9010504,92.63571669,194.6230174,-18.62936704,0.000442089
1,1,0,1614,0,1,0,0,0,0,1,0,0,0,14,1,0,225,3,2,1,0,15,6.082201996,124.8573906,120.3373744,129.3774068,73.93595819,175.778823,100.1426094,0.009337369
1,1,0,1800,0,1,0,0,0,0,0,1,0,0,17,1,0,116.5,4,2,1,0,10.79351657,4.8839961,128.137842,121.177481,135.0982031,76.94205747,179.3336266,-11.63784203,0.000305705
1,1,0,1756,0,1,0,0,0,0,1,0,0,0,12,1,0,173,3,2,1,0,13.15294644,5.572054656,137.604858,132.7091311,142.500585,86.64870165,188.5610144,35.39514197,0.00137225
1,1,0,1500,0,1,0,0,0,0,1,0,0,0,69,1,0,86,3,2,1,0,9.273618496,4.414004962,89.73957651,82.35842008,97.12073295,38.48488696,140.9942661,-3.739576512,3.56671E-05
1,1,0,1840,0,1,0,0,0,0,0,1,0,0,15,1,0,95,4,2,1,0,9.746794345,4.562902635,132.3982008,125.388256,139.4081455,81.19565145,183.6007501,-37.39820076,0.003203785
1,1,0,921,1,0,0,0,0,1,0,0,0,0,44,1,0,69,2,1,1,0,8.306623863,4.10156593,78.67754584,71.25816201,86.09692966,27.41733722,129.9377545,-9.677545835,0.000241454
1,0,1,2858,0,1,0,0,0,0,0,1,0,0,69,1,0,113,4,2,2,0,10.63014581,4.834588127,189.4085388,176.8316884,201.9853892,137.1520665,241.6650111,-76.40853881,0.047024847
1,1,0,1284,0,1,0,0,0,0,1,0,0,0,22,1,0,78,3,2,1,0,8.831760866,4.272658682,93.67077449,88.93568321,98.40586578,42.72980061,144.6117484,-15.67077449,0.000251317
1,1,0,2666,0,0,1,0,0,0,1,0,0,0,15,1,0,205,3,3,1,0,14.31782106,5.89636854,211.7776578,200.8144043,222.7409113,159.8858987,263.6694168,-6.777657778,0.000272508
1,1,0,1530,0,1,0,0,0,1,0,0,0,0,52,1,0,105,2,2,1,0,10.24695077,4.71769398,114.589458,105.5943316,123.5845845,63.07757559,166.1013404,-9.589458008,0.000355747
1,1,0,1514,0,1,0,0,0,0,0,1,0,0,12,1,0,115,4,2,1,0,10.7238053,4.862944131,106.6708569,99.31688482,114.0248289,55.42007505,157.9216387,8.32914315,0.000175582
1,0,1,2450,0,0,1,0,0,0,0,1,0,0,6,1,0,164,4,3,2,0,12.80624848,5.473703675,184.6732472,178.0155181,191.3309764,133.5177286,235.8287659,-20.67324724,0.000879725
1,1,0,2263,0,0,1,0,0,0,0,1,0,0,17,1,0,148.5,4,3,1,0,12.18605761,5.295522503,166.5152571,157.3222328,175.7082815,114.968449,218.0620653,-18.01525714,0.001315201
1,1,0,1158,1,0,0,0,0,0,1,0,0,0,47,1,0,100,3,1,1,0,10,4.641588834,82.5684851,75.59871031,89.53825989,31.37141984,133.7655504,17.4315149,0.000687776
1,1,0,980,1,0,0,0,0,1,0,0,0,0,50,1,0,96.5,2,1,1,0,9.823441352,4.586792613,80.79051338,73.45224401,88.12878275,29.54198239,132.0390444,15.70948662,0.000621824
1,1,0,1989,0,0,1,0,0,0,1,0,0,0,32,1,0,175,3,3,1,0,13.22875656,5.59344471,147.5238671,137.1902288,157.8575054,95.76146941,199.2862647,27.47613293,0.003935706
1,0,1,2440,0,0,1,0,0,0,0,1,0,0,5,1,0,159,4,3,2,0,12.60952021,5.417501515,184.3072182,177.6225056,190.9919308,133.1481807,235.4662556,-25.30721816,0.001329399
1,1,0,1321,0,1,0,0,0,0,1,0,0,0,11,1,0,79,3,2,1,0,8.888194417,4.290840427,101.875876,97.05925232,106.6924996,50.92725878,152.8244932,-22.87587597,0.000554486
1,1,0,2315,0,1,0,0,0,0,1,0,0,0,42,1,0,169.5,3,2,1,0,13.01921657,5.534221886,170.1363301,162.960419,177.3122412,118.9107951,221.361865,-0.63633007,9.74E-07
1,1,0,2221,0,0,1,0,0,0,1,0,0,0,13,1,0,216,3,3,1,0,14.69693846,6,175.6826466,165.7595217,185.6057716,124.0006368,227.3646565,40.31735336,0.007761783
1,0,1,2356,0,0,1,0,0,0,0,1,0,0,4,1,0,147,4,3,2,0,12.12435565,5.277632088,177.7838749,171.152988,184.4147618,126.6318428,228.9359071,-30.78387491,0.001934393
1,1,0,1750,0,1,0,0,0,0,1,0,0,0,14,1,0,122,3,2,1,0,11.04536102,4.959675664,136.1735355,131.3880345,140.9590365,85.22785122,187.1192199,-14.17353554,0.000210068
1,1,0,1392,1,0,0,0,0,1,0,0,0,0,80,1,0,65,2,1,1,0,8.062257748,4.020725759,101.090564,92.72934787,109.4517802,49.68558697,152.4955411,-36.09056404,0.004315569
1,1,0,1092,1,0,0,0,0,1,0,0,0,0,95,1,0,69,2,1,1,0,8.306623863,4.10156593,69.13787359,59.71465748,78.56108969,17.54951509,120.7262321,-0.137873586,8.12E-08
1,1,0,1342,0,1,0,0,0,0,1,0,0,0,36,1,0,104,3,2,1,0,10.19803903,4.702669375,91.97221189,87.02756586,96.91685792,41.01133224,142.9330916,12.02778811,0.000161703
1,0,1,2641,0,0,1,0,0,0,0,0,1,0,5,1,0,145,5,3,2,0,12.04159458,5.253587873,166.6813088,154.4100756,178.952542,114.4975479,218.8650696,-21.68130876,0.00358195
1,1,0,1668,0,1,0,0,0,0,1,0,0,0,34,1,0,86.5,3,2,1,0,9.300537619,4.422542711,120.0297578,115.5206755,124.5388401,69.10929478,170.9502208,-33.5297578,0.001041622
1,1,0,1698,0,1,0,0,0,0,1,0,0,0,15,1,0,114,3,2,1,0,10.67707825,4.848807586,131.3807338,126.7626895,135.9987782,80.45050642,182.3109613,-17.38073384,0.000293808
1,0,1,1960,0,0,1,0,0,0,1,0,0,0,16,1,0,181.5,3,3,2,0,13.47219359,5.661856741,150.0393584,141.5143929,158.5643238,98.60749307,201.4712237,31.46064164,0.003416587
1,1,0,1720,0,1,0,0,0,0,1,0,0,0,20,1,0,125.5,3,2,1,0,11.20267825,5.006657798,130.8810847,126.3691834,135.392986,79.96037197,181.8017974,-5.381084699,2.68621E-05
1,0,1,2706,0,0,1,0,0,0,0,0,1,0,6,1,0,170,5,3,2,0,13.03840481,5.539658257,171.62372,159.3515463,183.8958937,119.439738,223.807702,-1.623719997,0.000020093
1,1,0,1140,0,1,0,0,0,0,1,0,0,0,14,1,0,82,3,2,1,0,9.055385138,4.344481486,85.41729716,80.09409407,90.74050024,34.41829499,136.4162993,-3.417297155,1.51745E-05
1,1,0,1384,0,1,0,0,0,0,1,0,0,0,33,1,0,91,3,2,1,0,9.539392014,4.497941445,96.86502492,92.17107978,101.5589701,45.92785919,147.8021906,-5.865024915,3.45834E-05
1,1,0,1280,0,1,0,0,0,0,0,1,0,0,24,1,0,92.4,4,2,1,0,9.612491873,4.520890523,81.60794618,73.59411276,89.6217796,30.25832829,132.9575641,10.79205382,0.000352881
1,1,0,2017,0,1,0,0,0,0,0,1,0,0,23,1,0,119,4,2,1,0,10.90871212,4.918684735,143.3975074,136.333621,150.4613938,92.18754525,194.6074695,-24.39750739,0.001385391
1,1,0,1026,1,0,0,0,0,0,1,0,0,0,36,1,0,72.5,3,1,1,0,8.514693183,4.169775458,76.71161234,69.64661488,83.77660979,25.50149693,127.9217277,-4.211612336,4.12972E-05
1,1,0,2402,0,0,1,0,0,0,0,1,0,0,8,1,0,275,4,3,1,0,16.58312395,6.502957234,182.2753865,173.1210384,191.4297347,130.735462,233.8153111,92.72461347,0.034529613
1,0,1,2678,0,0,1,0,0,0,0,0,1,0,7,1,0,143,5,3,2,0,11.95826074,5.229321532,168.8278851,156.5677297,181.0880404,116.6467281,221.009042,-25.82788505,0.00507276
1,1,0,1376,0,1,0,0,0,0,1,0,0,0,5,1,0,74,3,2,1,0,8.602325267,4.198336454,109.2485005,104.2435766,114.2534245,58.2817369,160.2152642,-35.24850052,0.001423496
1,1,0,1330,1,0,0,0,0,1,0,0,0,0,46,1,0,115,2,1,1,0,10.7238053,4.862944131,111.7771068,104.2948396,119.259374,60.50775875,163.0464549,3.22289316,2.72553E-05
1,0,1,3047,0,0,1,0,0,0,0,1,0,0,9,1,0,240,4,3,2,0,15.49193339,6.214465012,232.9496741,224.2939603,241.6053879,181.4959754,284.4033728,7.050325895,0.000177205
1,0,1,2242,0,0,1,0,0,0,0,1,0,0,5,1,0,260,4,3,2,0,16.1245155,6.382504299,167.8322424,161.2782399,174.386245,116.6901201,218.9743648,92.16775758,0.01692692
1,1,0,1475,0,1,0,0,0,0,1,0,0,0,8,1,0,119.95,3,2,1,0,10.95216874,4.931738995,116.0878672,111.3360413,120.8396931,65.14533505,167.0303993,3.862132807,0.000015375
1,1,0,1803,0,1,0,0,0,0,1,0,0,0,6,1,0,127,3,2,1,0,11.26942767,5.026525695,144.311827,138.9223115,149.7013425,93.30586059,195.3177934,-17.31182699,0.00039942
1,1,0,1519,0,1,0,0,0,0,1,0,0,0,19,1,0,103,3,2,1,0,10.14889157,4.687548148,114.6225285,110.2928392,118.9522178,63.71763739,165.5274196,-11.62252852,0.000115252
1,1,0,1479,0,1,0,0,0,0,1,0,0,0,9,1,0,129.95,3,2,1,0,11.3995614,5.065147475,115.9546546,111.2572933,120.6520159,65.01717395,166.8921352,13.99534541,0.000197214
1,1,0,2426,0,0,1,0,0,0,0,1,0,0,3,1,0,220,4,3,1,0,14.83239697,6.036810737,186.6025553,177.3977799,195.8073307,135.0536502,238.1514604,33.39744471,0.004532344
1,1,0,1708,0,1,0,0,0,0,1,0,0,0,34,1,0,127,3,2,1,0,11.26942767,5.026525695,123.3580357,118.7998868,127.9161847,72.43320433,174.2828671,3.641964276,1.25624E-05
1,1,0,1062,1,0,0,0,0,0,1,0,0,0,40,1,0,73.5,3,1,1,0,8.5732141,4.188859364,77.84290087,70.84358404,84.8422177,26.6418055,129.0439962,-4.342900872,4.30678E-05
1,1,0,2940,0,0,1,0,0,0,0,1,0,0,21,1,0,208,4,3,1,0,14.4222051,5.924992137,220.9821995,210.5402184,231.4241805,169.1980639,272.7663351,-12.98219946,0.000898795
1,0,1,1984,0,0,1,0,0,0,0,1,0,0,15,1,0,139,4,3,2,0,11.78982612,5.180101467,141.7044458,134.9879863,148.4209053,90.54125044,192.8676412,-2.704445794,1.53315E-05
1,1,0,2184,0,0,1,0,0,0,1,0,0,0,25,1,0,157,3,3,1,0,12.52996409,5.394690712,167.0115048,156.9088453,177.1141643,115.2947235,218.728286,-10.01150476,0.000497524
1,1,0,954,0,1,0,0,0,0,1,0,0,0,12,1,0,59.3,3,2,1,0,7.700649323,3.899583563,70.87288559,64.64867591,77.09709527,19.77198035,121.9737908,-11.57288559,0.00023989
1,1,0,1040,0,1,0,0,0,0,1,0,0,0,4,1,0,81.5,3,2,1,0,9.027735043,4.33563323,81.75700633,75.72016665,87.79384602,30.67858463,132.835428,-0.257006334,1.11E-07
1,1,0,1110,0,1,0,0,0,0,1,0,0,0,13,1,0,74.95,3,2,1,0,8.657366805,4.216225971,83.38712911,77.92009907,88.85415915,32.37291395,134.4013443,-8.437129109,9.76841E-05
1,1,0,1478,0,1,0,0,0,0,1,0,0,0,35,1,0,78,3,2,1,0,8.831760866,4.272658682,103.7543972,99.15994232,108.3488522,52.82630336,154.6824911,-25.75439724,0.000638423
1,1,0,1100,1,0,0,0,0,0,1,0,0,0,40,1,0,75,3,1,1,0,8.660254038,4.217163327,81.0047649,74.03440507,87.97512474,29.80761999,132.2019098,-6.004764903,8.16291E-05
1,0,1,3582,0,0,0,1,0,0,0,1,0,0,2,1,0,460,4,4,2,0,21.44761059,7.719442629,339.8998657,320.911456,358.8882754,285.741566,394.0581655,120.1001343,0.315504704
1,1,0,1196,1,0,0,0,0,0,1,0,0,0,35,1,0,60,3,1,1,0,7.745966692,3.914867641,91.32283393,84.30864095,98.33702691,40.11970283,142.525965,-31.32283393,0.00225025
1,0,1,3298,0,0,1,0,0,0,0,0,1,0,28,1,0,295,5,3,2,0,17.17556404,6.656930232,210.6293445,197.4400018,223.8186873,158.2220884,263.0366006,84.37065548,0.063888859
1,1,0,1366,0,1,0,0,0,0,1,0,0,0,22,1,0,73.5,3,2,1,0,8.5732141,4.188859364,100.4937442,95.98677503,105.0007135,49.5734683,151.4140202,-26.99374424,0.000674469
1,0,1,3760,0,0,0,1,0,0,0,1,0,0,1,1,0,428,4,4,2,0,20.68816087,7.536122043,355.1767429,335.739044,374.6144418,300.8592883,409.4941975,72.82325711,0.123474536
1,0,1,2392,0,1,0,0,0,0,0,1,0,0,66,1,0,164,4,2,2,0,12.80624848,5.473703675,152.0322222,141.0044746,163.0599698,100.1267991,203.9376453,11.96777784,0.000860685
1,1,0,1458,0,1,0,0,0,0,1,0,0,0,16,1,0,88,3,2,1,0,9.38083152,4.447960181,110.9450259,106.5113377,115.3787141,60.03118373,161.858868,-22.94502588,0.000471358
1,1,0,2175,0,1,0,0,0,0,1,0,0,0,11,1,0,185,3,2,1,0,13.60147051,5.698019215,172.9346097,166.1418029,179.7274166,121.7613359,224.1078836,12.06539028,0.00031238
1,1,0,1154,0,1,0,0,0,0,1,0,0,0,15,1,0,77,3,2,1,0,8.774964387,4.254320865,86.11615403,80.86594074,91.36636732,35.12471876,137.1075893,-9.116154029,0.000104982
1,1,0,1421,0,1,0,0,0,0,1,0,0,0,44,1,0,107,3,2,1,0,10.34408043,4.747459399,94.8172376,89.58765781,100.0468174,43.82792268,145.8065525,12.1827624,0.00018599
1,1,0,1199,1,0,0,0,0,1,0,0,0,0,48,1,0,60,2,1,1,0,7.745966692,3.914867641,99.94491583,92.64373362,107.246098,48.7016822,151.1881495,-39.94491583,0.003978121
1,1,0,1104,1,0,0,0,0,0,1,0,0,0,45,1,0,84,3,1,1,0,9.16515139,4.37951914,79.0073907,72.02936649,85.9854149,27.80920174,130.2055797,4.992609304,5.65587E-05
1,1,0,1040,0,1,0,0,0,0,1,0,0,0,6,1,0,75,3,2,1,0,8.660254038,4.217163327,80.82492554,74.86376215,86.78608892,29.75539255,131.8944585,-5.824925535,5.56039E-05
1,1,0,965,0,1,0,0,0,1,0,0,0,0,88,1,0,72,2,2,1,0,8.485281374,4.160167646,50.8000779,38.27935585,63.32079995,-1.442914089,103.0430699,21.1999221,0.003583608
1,1,0,1868,0,1,0,0,0,0,0,1,0,0,40,1,0,155,4,2,1,0,12.4498996,5.371685355,123.0769853,115.8870198,130.2669508,71.84947967,174.304491,31.92301469,0.00246079
1,1,0,1910,0,1,0,0,0,0,0,1,0,0,19,1,0,115,4,2,1,0,10.7238053,4.862944131,136.3585255,129.3809552,143.3360958,85.16039843,187.5566526,-21.35852553,0.00103497
1,1,0,1885,0,1,0,0,0,0,0,1,0,0,1,1,0,159,4,2,1,0,12.60952021,5.417501515,142.667079,135.0705482,150.2636099,91.38093068,193.9532274,16.33292098,0.000722512
1,1,0,1059,0,1,0,0,0,0,1,0,0,0,15,1,0,82,3,2,1,0,9.055385138,4.344481486,78.21149395,72.54388762,83.87910028,27.17539406,129.2475939,3.788506048,2.12046E-05
1,1,0,2148,0,0,1,0,0,0,0,1,0,0,8,1,0,257.5,4,3,1,0,16.04680654,6.361981635,161.1408217,152.0062793,170.2753641,109.6044113,212.6772321,96.3591783,0.037117623
1,1,0,1248,1,0,0,0,0,1,0,0,0,0,71,1,0,67,2,1,1,0,8.185352772,4.0615481,93.3031271,85.51645659,101.0897976,41.98847063,144.6177836,-26.3031271,0.001973405
1,1,0,4278,0,0,0,1,0,0,0,0,0,1,11,1,0,444,6,4,1,0,21.07130751,7.628883626,433.3331171,391.2861352,475.3800991,367.4505669,499.2156673,10.66688287,0.092232351
1,1,0,1146,1,0,0,0,0,1,0,0,0,0,40,1,0,89.25,2,1,1,0,9.447221814,4.46892166,99.26327077,91.87693725,106.6496043,48.00783542,150.5187061,-10.01327077,0.0002561
1,1,0,1666,0,1,0,0,0,0,1,0,0,0,14,1,0,105,3,2,1,0,10.24695077,4.71769398,129.1841519,124.5878893,133.7804145,78.2558949,180.1124089,-24.1841519,0.000563397
1,1,0,1126,1,0,0,0,0,0,1,0,0,0,41,1,0,92,3,1,1,0,9.591663047,4.514357436,82.70210516,75.74835169,89.65585862,31.50721851,133.8969918,9.297894845,0.000194747
1,0,1,1894,0,0,1,0,0,0,0,1,0,0,3,1,0,119,4,3,2,0,10.90871212,4.918684735,139.8083053,132.6268374,146.9897731,88.58199159,191.0346189,-20.80830526,0.001042968
1,1,0,1983,0,1,0,0,0,0,0,1,0,0,44,1,0,124,4,2,1,0,11.13552873,4.986630952,130.7816228,123.3943582,138.1688874,79.52605321,182.0371923,-6.781622753,0.0001175
1,1,0,1300,0,1,0,0,0,0,1,0,0,0,54,1,0,70,3,2,1,0,8.366600265,4.1212853,80.08879287,73.71473331,86.46285244,28.96941919,131.2081666,-10.08879287,0.000191478
1,1,0,1001,1,0,0,0,0,0,1,0,0,0,41,1,0,76,3,1,1,0,8.717797887,4.235823584,72.30123663,65.23133176,79.37114151,21.09044396,123.5120293,3.698763367,0.000031898
1,0,1,2163,0,0,1,0,0,0,0,1,0,0,16,1,0,155,4,3,2,0,12.4498996,5.371685355,156.1324491,149.776129,162.4887693,105.0152843,207.2496139,-1.132449118,2.40E-06
1,0,1,1861,0,1,0,0,0,1,0,0,0,0,7,1,0,300,2,2,2,0,17.32050808,6.694329501,160.5746222,147.5568356,173.5924089,108.2102785,212.938966,139.4253778,0.169327445
1,0,1,1635,0,0,1,0,0,0,0,1,0,0,4,1,0,102,4,3,2,0,10.09950494,4.672328728,117.7916653,109.6770074,125.9063231,66.42621577,169.1571148,-15.79166528,0.00077571
1,1,0,1452,0,1,0,0,0,0,1,0,0,0,62,1,0,84,3,2,1,0,9.16515139,4.37951914,89.0079258,82.26663439,95.74921721,37.8414647,140.1743869,-5.007925798,5.29742E-05
1,1,0,1200,0,1,0,0,0,0,1,0,0,0,10,1,0,73,3,2,1,0,8.544003745,4.179339196,92.27387564,87.07634407,97.47140722,41.2878377,143.2599136,-19.27387564,0.000459709
1,0,1,2315,0,0,0,1,0,0,0,1,0,0,86,1,0,107,4,4,2,0,10.34408043,4.747459399,195.3292688,174.5559408,216.1025968,140.519663,250.1388746,-88.32926879,0.218016015
1,0,1,2426,0,0,1,0,0,0,0,1,0,0,3,1,0,222.5,4,3,2,0,14.91643389,6.059591371,184.0744017,177.3191612,190.8296422,132.9061009,235.2427025,38.42559831,0.003132202
1,1,0,2552,0,0,1,0,0,0,1,0,0,0,7,1,0,282.5,3,3,1,0,16.80773631,6.561545591,206.0203889,195.3908429,216.6499349,154.1981062,257.8426715,76.47961112,0.032427504
1,1,0,1440,0,1,0,0,0,0,1,0,0,0,12,1,0,88,3,2,1,0,9.38083152,4.447960181,111.3114624,106.7271186,115.8958063,60.38427969,162.2386451,-23.31146241,0.000520714
1,1,0,1200,1,0,0,0,0,0,1,0,0,0,0,1,0,75,3,1,1,0,8.660254038,4.217163327,107.9670757,99.03872027,116.8954312,56.46681103,159.4673404,-32.96707571,0.004138334
1,1,0,2125,0,1,0,0,0,0,0,1,0,0,21,1,0,164,4,2,1,0,12.80624848,5.473703675,153.3159386,146.0063938,160.6254834,102.0715128,204.5603644,10.68406141,0.000285275
1,1,0,1948,0,1,0,0,0,0,0,1,0,0,6,1,0,145,4,2,1,0,12.04159458,5.253587873,145.5789148,138.1533119,153.0045176,94.31780563,196.8400239,-0.578914758,8.66E-07
1,1,0,1672,0,1,0,0,0,1,0,0,0,0,13,1,0,186,2,2,1,0,13.6381817,5.708267473,144.5804202,135.5089693,153.6518712,93.05515504,196.1056854,41.41957976,0.006757477
1,1,0,1106,1,0,0,0,0,1,0,0,0,0,31,1,0,106,2,1,1,0,10.29563014,4.732623491,100.1293564,92.46800484,107.7907081,48.83356676,151.4251461,5.870643556,9.50191E-05
1,1,0,1460,1,0,0,0,0,0,1,0,0,0,47,1,0,97.5,3,1,1,0,9.874208829,4.602582041,107.6969835,100.4573418,114.9366251,56.46248197,158.9314849,-10.19698345,0.000254705
1,0,1,2250,0,0,1,0,0,0,0,1,0,0,8,1,0,176,4,3,2,0,13.26649916,5.604078661,167.0997768,160.6519358,173.5476178,115.9711509,218.2284027,8.900223192,0.000152603
1,1,0,1394,1,0,0,0,0,1,0,0,0,0,48,1,0,59.6,2,1,1,0,7.720103626,3.906148531,116.1702707,108.5879123,123.7526292,64.88621969,167.4543218,-56.57027072,0.008633718
1,1,0,1800,0,1,0,0,0,0,0,0,1,0,1,1,0,155,5,2,1,0,12.4498996,5.371685355,101.2439825,87.31464244,115.1733225,48.64561513,153.8423498,53.75601755,0.029417705
1,0,1,2456,0,0,1,0,0,0,0,1,0,0,6,1,0,157.5,4,3,2,0,12.5499004,5.400411491,185.1724889,178.505237,191.8397409,134.0157301,236.3292478,-27.67248893,0.001580925
1,1,0,1180,0,1,0,0,0,0,1,0,0,0,28,1,0,82.5,3,2,1,0,9.082951062,4.353293846,82.22100949,76.99699146,87.44502752,31.23226469,133.2097543,0.278990515,9.73E-08
1,1,0,1640,0,1,0,0,0,0,1,0,0,0,18,1,0,115,3,2,1,0,10.7238053,4.862944131,125.1566096,120.7391755,129.5740438,74.24418036,176.0690389,-10.15660964,9.16711E-05
1,1,0,785,1,0,0,0,0,1,0,0,0,0,58,1,0,64.5,2,1,1,0,8.031189202,4.010389657,60.83683529,53.00888439,68.66478618,9.515898563,112.157772,3.663164714,3.87017E-05
1,1,0,990,0,1,0,0,0,1,0,0,0,0,70,1,0,67,2,2,1,0,8.185352772,4.0615481,61.2689788,50.24765078,72.29030682,9.364919203,113.1730384,5.731021203,0.000197118
1,1,0,1390,0,1,0,0,0,0,0,1,0,0,50,1,0,84.95,4,2,1,0,9.216832428,4.39596738,78.64366009,70.04750783,87.23981234,27.1999475,130.0873727,6.306339915,0.00013972
1,0,1,1839,0,1,0,0,0,0,0,1,0,0,53,1,0,145,4,2,2,0,12.04159458,5.253587873,112.077305,101.9348185,122.2197915,60.35272901,163.801881,32.92269499,0.005426338
1,1,0,1385,0,1,0,0,0,0,1,0,0,0,7,1,0,89.95,3,2,1,0,9.484197383,4.480574703,109.0652823,104.1838439,113.9467206,58.1104967,160.0200678,-19.11528226,0.000397852
1,1,0,1094,0,1,0,0,0,0,1,0,0,0,10,1,0,100,3,2,1,0,10,4.641588834,83.45393914,77.85003306,89.05784521,32.42487395,134.4830043,16.54606086,0.000395203
1,1,0,1420,0,1,0,0,0,0,1,0,0,0,33,1,0,132.5,3,2,1,0,11.51086443,5.098064112,99.86047505,95.24840572,104.4725444,48.93078907,150.790161,32.63952495,0.001033409
1,1,0,1477,1,0,0,0,0,0,1,0,0,0,56,1,0,106.2,3,1,1,0,10.30533842,4.735598114,104.917138,97.52211509,112.3121609,53.66044968,156.1738263,1.282862031,4.21E-06
1,1,0,1519,0,1,0,0,0,0,1,0,0,0,20,1,0,112,3,2,1,0,10.58300524,4.820284528,114.1564881,109.8428767,118.4700995,63.25296197,165.0600143,-2.156488115,3.94E-06
1,1,0,1532,0,1,0,0,0,0,1,0,0,0,31,1,0,161,3,2,1,0,12.68857754,5.440121825,110.111734,105.7215984,114.5018697,59.20166606,161.021802,50.88826596,0.002272501
1,0,1,2224,0,0,1,0,0,0,0,1,0,0,15,1,0,124,4,3,2,0,11.13552873,4.986630952,161.6741134,155.3667582,167.9814685,110.5630142,212.7852125,-37.67411336,0.002612756
1,1,0,1400,0,1,0,0,0,1,0,0,0,0,7,1,0,103,2,2,1,0,10.14889157,4.687548148,124.7443727,115.6318795,133.8568659,73.21186587,176.2768796,-21.74437273,0.001880391
1,0,1,2500,0,0,0,0,1,0,1,0,0,0,47,1,0,238,3,5,2,0,15.42724862,6.197154435,227.3331171,185.2861352,269.3800991,161.4505669,293.2156673,10.66688287,0.092232351
1,1,0,1384,1,0,0,0,0,0,1,0,0,0,35,1,0,70,3,1,1,0,8.366600265,4.1212853,106.9657402,99.7511923,114.1802881,55.73477853,158.1967018,-36.96574018,0.003323167
1,1,0,2800,0,1,0,0,0,0,1,0,0,0,27,1,0,264,3,2,1,0,16.24807681,6.41506866,217.4823059,207.2199708,227.7446411,165.7340958,269.2305161,46.51769407,0.01111262
1,1,0,1560,0,1,0,0,0,0,1,0,0,0,37,1,0,105.5,3,2,1,0,10.27131929,4.725170529,109.6452862,105.0371698,114.2534026,58.71595803,160.5746144,-4.145286195,1.66394E-05
1,1,0,1200,0,1,0,0,0,0,1,0,0,0,21,1,0,92.5,3,2,1,0,9.617692031,4.522520848,87.14743125,82.11512957,92.17973292,36.17797185,138.1168906,5.352568753,3.31919E-05
1,1,0,1900,0,0,1,0,0,0,0,1,0,0,39,1,0,143.5,4,3,1,0,11.97914855,5.235409222,126.0582462,115.4479121,136.6685802,74.23990076,177.8765916,17.44175384,0.001679914
1,1,0,1362,0,1,0,0,0,0,1,0,0,0,11,1,0,113.95,3,2,1,0,10.67473653,4.848098592,105.2873609,100.5547863,110.0199354,54.34662084,156.2281009,8.662639151,7.67135E-05
1,1,0,1249,0,1,0,0,0,0,1,0,0,0,16,1,0,74.5,3,2,1,0,8.631338251,4.20777095,93.55477371,88.66947173,98.44007568,42.59961787,144.5099295,-19.05477371,0.000395975
1,0,1,2030,0,0,1,0,0,0,0,1,0,0,17,1,0,130,4,3,2,0,11.40175425,5.065797019,144.5998846,138.004715,151.1950542,93.45247028,195.7472989,-14.59988461,0.000430272
1,0,1,2678,0,0,1,0,0,0,0,0,1,0,6,1,0,143,5,3,2,0,11.95826074,5.229321532,169.2939255,157.0275858,181.5602651,117.1113151,221.4765358,-26.29392545,0.005263443
1,1,0,2034,0,0,1,0,0,0,0,1,0,0,17,1,0,122,4,3,1,0,11.04536102,4.959675664,147.460866,138.0645371,156.857195,95.87741199,199.04432,-25.46086601,0.002752819
1,1,0,1195,0,1,0,0,0,0,1,0,0,0,18,1,0,87,3,2,1,0,9.327379053,4.431047622,88.12951771,83.07335114,93.18568427,37.15769656,139.1013389,-1.129517705,1.49E-06
1,1,0,1844,0,1,0,0,0,0,0,1,0,0,25,1,0,139,4,2,1,0,11.78982612,5.180101467,128.0706246,121.1706846,134.9705646,76.88301958,179.2582295,10.92937545,0.000264782
1,1,0,1942,0,1,0,0,0,0,1,0,0,0,20,1,0,114,3,2,1,0,10.67707825,4.848807586,149.3530272,144.0943007,154.6117537,98.36071468,200.3453397,-35.35302719,0.001584102
1,1,0,2000,0,1,0,0,0,0,0,1,0,0,20,1,0,128,4,2,1,0,11.3137085,5.0396842,143.3811105,136.3088147,150.4534063,92.16998766,194.5922333,-15.38111047,0.00055199
1,1,0,1000,1,0,0,0,0,0,1,0,0,0,23,1,0,68,3,1,1,0,8.246211251,4.081655102,80.60675688,73.17066524,88.04284852,29.34412732,131.8693864,-12.60675688,0.000411671
1,0,1,1660,0,1,0,0,0,0,1,0,0,0,0,1,0,127,3,2,2,0,11.26942767,5.026525695,132.6813222,121.9464295,143.4162149,80.83732879,184.5253156,-5.681322199,0.000182845
1,1,0,1760,0,1,0,0,0,0,1,0,0,0,7,1,0,133,3,2,1,0,11.5325626,5.104468722,140.2678878,135.0752402,145.4605355,89.28234751,191.2534281,-7.267887823,0.000065242
1,1,0,1489,0,1,0,0,0,0,1,0,0,0,17,1,0,97,3,2,1,0,9.848857802,4.594700892,113.0584009,108.6734841,117.4433176,62.14878266,163.9680191,-16.05840087,0.000225748
1,1,0,1102,1,0,0,0,0,0,1,0,0,0,41,1,0,88,3,1,1,0,9.38083152,4.447960181,80.7051384,73.73886493,87.67141186,29.50854968,131.9017271,7.294861601,0.000120326
1,1,0,1014,1,0,0,0,0,0,1,0,0,0,45,1,0,86,3,1,1,0,9.273618496,4.414004962,71.51876536,64.44409338,78.59343735,20.30731435,122.7302164,14.48123464,0.000489633
1,0,1,1800,0,1,0,0,0,0,1,0,0,0,74,1,0,155,3,2,2,0,12.4498996,5.371685355,109.8433054,99.26984814,120.4167626,58.0324983,161.6541124,45.15669464,0.011175094
1,1,0,1129,1,0,0,0,0,0,1,0,0,0,46,1,0,112,3,1,1,0,10.58300524,4.820284528,80.621524,73.65004146,87.59300654,29.42422622,131.8188218,31.378476,0.002229778
1,0,1,1678,0,0,1,0,0,0,1,0,0,0,6,1,0,107,3,3,2,0,10.34408043,4.747459399,131.235403,122.210189,140.260617,79.71825807,182.7525479,-24.23540297,0.00228846
1,1,0,1653,0,1,0,0,0,0,0,1,0,0,0,1,0,103,4,2,1,0,10.14889157,4.687548148,123.8291074,116.2299979,131.428217,72.54257708,175.1156378,-20.82910744,0.001175892
1,1,0,1350,0,1,0,0,0,0,1,0,0,0,28,1,0,77,3,2,1,0,8.774964387,4.254320865,96.36619068,91.74449929,100.9878821,45.43563244,147.2967489,-19.36619068,0.000365354
1,1,0,1970,0,1,0,0,0,0,0,1,0,0,5,1,0,127.5,4,2,1,0,11.29158979,5.033113548,147.875508,140.3690689,155.3819472,96.60262669,199.1483894,-20.37550802,0.001096736
1,1,0,1190,0,1,0,0,0,0,1,0,0,0,16,1,0,79.5,3,2,1,0,8.91627725,4.299873802,88.64556376,83.55071748,93.74041004,37.66989124,139.6212363,-9.145563764,0.000099374
1,0,1,1630,0,0,1,0,0,0,0,1,0,0,69,1,0,121.25,4,3,2,0,11.01135777,4.949491496,87.08300455,76.15163056,98.01437855,35.19797137,138.9680377,34.16699545,0.006881087
1,1,0,1900,0,1,0,0,0,0,1,0,0,0,19,1,0,120,3,2,1,0,10.95445115,4.932424149,146.3243758,141.2128157,151.4359358,95.34703005,197.3017215,-26.32437577,0.000828841
1,1,0,1478,0,1,0,0,0,0,1,0,0,0,15,1,0,129,3,2,1,0,11.35781669,5.052774347,113.0752052,108.6280086,117.5224019,62.16018497,163.9902255,15.92479476,0.000228457
1,1,0,1912,0,1,0,0,0,0,0,1,0,0,20,1,0,121,4,2,1,0,11,4.946087443,136.058899,129.0938258,143.0239722,84.86247361,187.2553244,-15.05889903,0.000512572
1,1,0,1850,0,1,0,0,0,0,1,0,0,0,13,1,0,126.2,3,2,1,0,11.23387734,5.015949071,144.9602708,139.8086269,150.1119146,93.97889019,195.9416513,-18.76027076,0.000427719
1,1,0,1657,0,1,0,0,0,0,1,0,0,0,8,1,0,125,3,2,1,0,11.18033989,5,131.2315318,126.3431819,136.1198816,80.27608362,182.1869799,-6.231531761,4.24034E-05
1,1,0,1666,0,1,0,0,0,0,1,0,0,0,32,1,0,103.5,3,2,1,0,10.17349498,4.695120937,120.7954247,116.3485518,125.2422976,69.88043271,171.7104167,-17.2954247,0.000269436
1,1,0,1832,0,1,0,0,0,0,0,1,0,0,16,1,0,117.5,4,2,1,0,10.83974169,4.897930544,131.2665048,124.281469,138.2515405,80.06735971,182.4656498,-13.76650477,0.000430921
1,0,1,2000,0,1,0,0,0,0,0,1,0,0,72,1,0,83,4,2,2,0,9.110433579,4.362070672,116.6188561,105.7659201,127.471792,64.7502919,168.4874203,-33.61885607,0.006557669
1,1,0,1753,0,1,0,0,0,0,1,0,0,0,19,1,0,150,3,2,1,0,12.24744871,5.313292846,134.0929544,129.4761317,138.709777,83.16283774,185.023071,15.90704561,0.000245965
1,1,0,1680,0,0,1,0,0,0,0,1,0,0,5,1,0,165,4,3,1,0,12.84523258,5.484806552,123.5980912,113.5277494,133.6684329,71.88761336,175.3085689,41.40190885,0.008449746
1,1,0,1671,0,1,0,0,0,0,1,0,0,0,10,1,0,105.5,3,2,1,0,10.27131929,4.725170529,131.4643482,126.664947,136.2637495,80.51735634,182.4113401,-25.96434824,0.000709124
1,0,1,3074,0,0,1,0,0,0,0,1,0,0,25,1,0,210,4,3,2,0,14.49137675,5.943921953,227.7396153,219.3275121,236.1517186,176.3263368,279.1528939,-17.73961531,0.001056102
1,1,0,1517,0,1,0,0,0,0,1,0,0,0,20,1,0,112.5,3,2,1,0,10.60660172,4.827446923,113.9900742,109.6757931,118.3043554,63.08649131,164.8936571,-1.490074219,1.88E-06
1,1,0,1685,0,1,0,0,0,1,0,0,0,0,16,1,0,189,2,2,1,0,13.74772709,5.738793548,144.2639894,135.2788019,153.2491768,92.75384159,195.7741372,44.73601063,0.007724054
1,1,0,1487,0,1,0,0,0,0,1,0,0,0,15,1,0,130.5,3,2,1,0,11.42365966,5.072283322,113.8240678,109.3819464,118.2661892,62.90949055,164.738645,16.67593223,0.000249937
1,1,0,1400,0,1,0,0,0,0,1,0,0,0,25,1,0,89.8,3,2,1,0,9.476286192,4.478082726,101.9246593,97.47507352,106.374245,51.00943028,152.8398883,-12.12465928,0.000132578
1,1,0,1490,0,1,0,0,0,0,1,0,0,0,43,1,0,95,3,2,1,0,9.746794345,4.562902635,101.0245574,95.99300038,106.0561145,50.05517154,151.9939433,-6.024557424,4.20365E-05
1,1,0,1450,0,1,0,0,0,0,1,0,0,0,30,1,0,87.5,3,2,1,0,9.354143467,4.439520009,103.7548047,99.30007668,108.2095327,52.83912604,154.6704834,-16.25480469,0.000238843
1,1,0,1050,1,0,0,0,0,0,1,0,0,0,56,1,0,64,3,1,1,0,8,4,69.3877711,62.10978403,76.66575817,18.14783719,120.627705,-5.387771098,0.000071894
1,0,1,2226,0,0,1,0,0,0,0,1,0,0,14,1,0,131,4,3,2,0,11.44552314,5.078753078,162.3065677,155.987134,168.6260014,111.1939765,213.4191588,-31.30656765,0.00181133
1,1,0,1115,1,0,0,0,0,0,1,0,0,0,53,1,0,67.5,3,1,1,0,8.215838363,4.071626425,76.19434393,69.08283242,83.30585543,24.97779068,127.4108972,-8.694343928,0.000178412
1,1,0,1031,1,0,0,0,0,0,1,0,0,0,41,1,0,82.25,3,1,1,0,9.069178574,4.34889213,74.79744508,67.76681005,81.8280801,23.59205904,126.0028311,7.452554922,0.000128007
1,1,0,1655,0,1,0,0,0,1,0,0,0,0,40,1,0,117.5,2,2,1,0,10.83974169,4.897930544,130.5828113,121.868472,139.2971507,79.11921797,182.0464047,-13.08281133,0.000618982
1,1,0,1227,0,1,0,0,0,0,1,0,0,0,6,1,0,92,3,2,1,0,9.591663047,4.514357436,96.38462484,91.11276744,101.6564823,45.3909565,147.3782932,-4.384624844,2.44911E-05
1,1,0,1700,1,0,0,0,0,1,0,0,0,0,57,1,0,120,2,1,1,0,10.95445115,4.932424149,137.4372333,128.9704576,145.904009,86.01498107,188.8594855,-17.43723327,0.001034475
1,1,0,1866,0,1,0,0,0,0,0,1,0,0,18,1,0,112,4,2,1,0,10.58300524,4.820284528,133.1634602,126.2011044,140.125816,81.96740441,184.359516,-21.16346021,0.001011556
1,1,0,1676,0,1,0,0,0,0,1,0,0,0,40,1,0,158.5,3,2,1,0,12.58967831,5.411816829,117.899171,113.1211115,122.6772305,66.95418513,168.8441568,40.60082902,0.001718291
1,1,0,1755,0,1,0,0,0,0,1,0,0,0,11,1,0,121,3,2,1,0,11,4.946087443,137.9876915,133.043312,142.9320709,87.02683769,188.9485453,-16.98769148,0.000322528
1,1,0,1249,0,1,0,0,0,0,1,0,0,0,16,1,0,81,3,2,1,0,9,4.326748711,93.55477371,88.66947173,98.44007568,42.59961787,144.5099295,-12.55477371,0.000171901
1,1,0,1128,1,0,0,0,0,0,1,0,0,0,75,1,0,60,3,1,1,0,7.745966692,3.914867641,67.02314546,58.82830582,75.2179851,15.64496792,118.401323,-7.02314546,0.000156639
1,1,0,999,1,0,0,0,0,0,1,0,0,0,15,1,0,82,3,1,1,0,9.055385138,4.344481486,84.25187313,76.42598094,92.07776532,32.93125038,135.5724959,-2.25187313,1.46172E-05
1,0,1,1700,0,0,1,0,0,0,1,0,0,0,20,1,0,89.5,3,3,2,0,9.460443964,4.473090433,126.5413902,117.646129,135.4366514,75.04685264,178.0359278,-37.04139024,0.005183322
1,1,0,1100,1,0,0,0,0,1,0,0,0,0,60,1,0,77.5,2,1,1,0,8.803408431,4.263509492,86.11494316,78.71619923,93.5136871,34.85771789,137.3721684,-8.614943163,0.000190232
1,1,0,1302,1,0,0,0,0,0,1,0,0,0,42,1,0,88.5,3,1,1,0,9.407443861,4.456368444,96.88048764,89.88017923,103.880796,45.67925671,148.0817186,-8.380487635,0.00016042
1,1,0,1064,0,1,0,0,0,0,1,0,0,0,22,1,0,75,3,2,1,0,8.660254038,4.217163327,75.3652459,69.71965099,81.0108408,24.3315857,126.3989061,-0.365245895,1.96E-07
1,1,0,1650,0,1,0,0,0,0,1,0,0,0,27,1,0,105,3,2,1,0,10.24695077,4.71769398,121.7943155,117.4512047,126.1374264,70.88828109,172.70035,-16.79431553,0.000242159
1,0,1,2678,0,0,1,0,0,0,0,0,1,0,6,0,1,145,5,3,2,1,12.04159458,5.253587873,158.2290308,146.1875651,170.2704965,106.0988224,210.3592392,-13.22903078,0.001278162
1,0,1,3792,0,0,0,0,1,0,0,0,0,1,3,0,1,360,6,5,2,1,18.97366596,7.113786609,370.6668829,328.6199009,412.7138648,304.7843327,436.5494331,-10.66688287,0.092232351
1,1,0,3000,0,0,1,0,0,0,1,0,0,0,40,0,1,178.5,3,3,1,1,13.36038922,5.63048847,216.8528738,203.6765168,230.0292309,164.4488843,269.2568633,-38.35287381,0.013172207
1,1,0,2240,0,1,0,0,0,0,1,0,0,0,0,0,1,134,3,2,1,1,11.5758369,5.117229947,172.4046111,164.6211558,180.1880664,121.0904424,223.7187798,-38.40461108,0.004203317
1,1,0,1216,0,1,0,0,0,0,1,0,0,0,11,0,1,85,3,2,1,1,9.219544457,4.396829672,82.07425175,78.2771681,85.8713354,31.21189263,132.9366109,2.925748251,5.60E-06
1,1,0,1679,0,1,0,0,0,0,1,0,0,0,45,0,1,104.5,3,2,1,1,10.22252415,4.710193659,104.7536952,99.93012381,109.5772665,53.80442067,155.7029697,-0.253695164,6.84E-08
1,1,0,1650,0,1,0,0,0,0,1,0,0,0,20,0,1,100,3,2,1,1,10,4.641588834,113.9917037,110.2949394,117.688468,63.1367354,164.8466719,-13.99170366,0.000121281
1,1,0,1163,1,0,0,0,0,1,0,0,0,0,71,0,1,92.5,2,1,1,1,9.617692031,4.522520848,75.16564183,67.38175336,82.94953031,23.85140745,126.4798762,17.33435817,0.000856429
1,0,1,2010,0,1,0,0,0,0,1,0,0,0,96,0,1,119.5,3,2,2,1,10.93160556,4.925564023,105.998981,93.93094236,118.0670197,53.86262817,158.1353339,13.50101898,0.001337848
1,1,0,917,1,0,0,0,0,1,0,0,0,0,45,0,1,50.005,2,1,1,1,7.071421356,3.684154296,66.81378298,59.78128614,73.84627982,15.60814127,118.0194247,-16.80878298,0.000651529
1,1,0,1064,0,1,0,0,0,0,1,0,0,0,0,0,1,89.9,3,2,1,1,9.481561053,4.479744352,74.55324002,69.7775724,79.32890764,23.60847845,125.4980016,15.34675998,0.000245255
1,0,1,2041,0,0,1,0,0,0,0,1,0,0,6,0,1,129,4,3,2,1,11.35781669,5.052774347,139.5767108,133.4662328,145.6871888,88.48953359,190.663888,-10.57671077,0.0001929
1,1,0,1684,0,1,0,0,0,0,1,0,0,0,14,0,1,106,3,2,1,1,10.29563014,4.732623491,119.6169823,115.6611738,123.5727908,68.74252749,170.4914371,-13.6169823,0.000131739
1,0,1,2350,0,0,1,0,0,0,0,1,0,0,5,0,1,129,4,3,2,1,11.35781669,5.052774347,165.7536982,159.5164081,171.9909882,114.651198,216.8561983,-36.75369816,0.002430025
1,1,0,1440,0,1,0,0,0,0,1,0,0,0,0,0,1,111.999,3,2,1,1,10.582958,4.820270182,105.8390525,101.6316229,110.0464822,54.94441436,156.7336907,6.159947462,3.05469E-05
1,1,0,1120,0,1,0,0,0,0,1,0,0,0,1,0,1,81.2,3,2,1,1,9.011104261,4.330306894,78.74678872,74.22025358,83.27332387,27.82477726,129.6688002,2.453211278,5.62E-06
1,1,0,1108,0,1,0,0,0,0,1,0,0,0,45,0,1,61,3,2,1,1,7.810249676,3.936497183,57.24252775,51.61074276,62.87431275,6.210393435,108.2746621,3.757472246,2.05892E-05
1,1,0,1583,0,1,0,0,0,0,1,0,0,0,6,0,1,130,3,2,1,1,11.40175425,5.065797019,114.9414037,110.9111657,118.9716418,64.06110745,165.8217,15.05859627,0.000167307
1,1,0,1224,0,1,0,0,0,0,1,0,0,0,34,0,1,89.7,3,2,1,1,9.471008394,4.476419865,72.02097814,67.71971806,76.32223822,21.11849717,122.9234591,17.67902186,0.000263123
1,0,1,2208,0,0,1,0,0,0,0,1,0,0,5,0,1,132,4,3,2,1,11.48912529,5.09164337,153.9383115,147.8581587,160.0184643,102.8547526,205.0218704,-21.93831152,0.000821465
1,1,0,1424,1,0,0,0,0,1,0,0,0,0,30,0,1,67.565,2,1,1,1,8.219793185,4.072932947,115.9903117,107.8574305,124.1231929,64.62198014,167.3586433,-48.4253117,0.007328911
1,1,0,1064,0,1,0,0,0,0,1,0,0,0,0,0,1,79.9,3,2,1,1,8.938679992,4.307073269,74.55324002,69.7775724,79.32890764,23.60847845,125.4980016,5.346759976,2.97691E-05
1,1,0,1227,0,1,0,0,0,0,1,0,0,0,6,0,1,89.9,3,2,1,1,9.481561053,4.479744352,85.31973018,81.36011338,89.27934698,34.44497911,136.1944813,4.580269822,1.49341E-05
1,0,1,1802,0,0,1,0,0,0,1,0,0,0,11,0,1,146,3,3,2,1,12.08304597,5.265637428,128.1579679,120.2067612,136.1091746,76.81808652,179.4978492,17.84203212,0.000948743
1,1,0,1097,0,1,0,0,0,0,1,0,0,0,15,0,1,55,3,2,1,1,7.416198487,3.802952461,70.30846332,66.12956863,74.48735801,19.41617616,121.2007505,-15.30846332,0.000186073
1,1,0,1986,0,1,0,0,0,0,1,0,0,0,53,0,1,139.95,3,2,1,1,11.83004649,5.191875874,126.5699051,120.2014748,132.9383354,75.45123297,177.6885771,13.38009494,0.000336176
1,1,0,1515,0,1,0,0,0,0,1,0,0,0,11,0,1,79.9,3,2,1,1,8.938679992,4.307073269,106.9531293,103.3524643,110.5537943,56.10505634,157.8012022,-27.05312925,0.000429903
1,1,0,1204,0,1,0,0,0,0,1,0,0,0,25,0,1,69,3,2,1,1,8.306623863,4.10156593,74.55120278,70.65061762,78.45178793,23.68101214,125.4213934,-5.551202775,2.12798E-05
1,1,0,2124,0,1,0,0,0,0,1,0,0,0,16,0,1,135,3,2,1,1,11.61895004,5.12992784,155.2959587,149.0328785,161.5590389,104.1903044,206.401613,-20.2959587,0.000747347
1,1,0,1512,0,1,0,0,0,0,1,0,0,0,48,0,1,93,3,2,1,1,9.643650761,4.530654896,89.46001362,84.50130849,94.41871875,38.49776791,140.4222593,3.539986381,1.40884E-05
1,1,0,988,1,0,0,0,0,0,1,0,0,0,40,0,1,75.3,3,1,1,1,8.67755726,4.22277873,60.62069204,53.84443305,67.39695103,9.449612153,111.7917719,14.67930796,0.000460061
1,1,0,1536,0,1,0,0,0,0,1,0,0,0,21,0,1,75.5,3,2,1,1,8.689073599,4.226514052,104.0400712,100.6269986,107.4531437,53.2049377,154.8752046,-28.54007117,0.000429462
1,1,0,1042,0,1,0,0,0,0,1,0,0,0,1,0,1,93,3,2,1,1,9.643650761,4.530654896,72.25664676,67.45015446,77.06313907,21.30898637,123.2043072,20.74335324,0.000453974
1,1,0,868,1,0,0,0,0,1,0,0,0,0,50,0,1,60.5,2,1,1,1,7.778174593,3.925712205,60.40644052,53.28798962,67.52489142,9.188923258,111.6239578,0.093559483,2.07E-08
1,0,1,1325,0,1,0,0,0,1,0,0,0,0,55,0,1,73.501,2,2,2,1,8.573272421,4.188878361,82.54086416,71.40785113,93.6738772,30.61297464,134.4687537,-9.039864162,0.000501441
1,1,0,1137,0,1,0,0,0,0,1,0,0,0,10,0,1,80,3,2,1,1,8.94427191,4.30886938,75.96694324,71.88003591,80.05385057,25.08212682,126.8517597,4.033056757,1.23452E-05
1,0,1,1973,0,0,1,0,0,0,0,1,0,0,6,0,1,124.9,4,3,2,1,11.17586686,4.998666311,133.9186383,127.7097412,140.1275354,82.8195959,185.0176807,-9.018638296,0.000144946
1,1,0,1257,0,1,0,0,0,0,1,0,0,0,12,0,1,78,3,2,1,1,8.831760866,4.272658682,85.01969623,81.35811067,88.68128178,34.16727308,135.8721194,-7.019696225,0.000029943
1,1,0,1052,1,0,0,0,0,1,0,0,0,0,50,0,1,66,2,1,1,1,8.124038405,4.041240021,75.71651898,68.67317748,82.75986049,24.50938676,126.9236512,-9.716518982,0.00021841
1,0,1,2226,0,0,1,0,0,0,0,1,0,0,17,0,1,125,4,3,2,1,11.18033989,5,149.8435518,143.9372594,155.7498442,98.78039461,200.906709,-24.84355179,0.000992424
1,0,1,1340,0,1,0,0,0,0,1,0,0,0,22,0,1,69.65,3,2,2,1,8.345657554,4.114405011,84.73731532,75.89040223,93.58422842,33.25110744,136.2235232,-15.08731532,0.000850012
1,1,0,1014,1,0,0,0,0,0,1,0,0,0,42,0,1,95,3,1,1,1,9.746794345,4.562902635,61.85199189,55.07337538,68.6306084,10.68059976,113.023384,33.14800811,0.002347646
1,1,0,1500,0,1,0,0,0,0,1,0,0,0,35,0,1,91,3,2,1,1,9.539392014,4.497941445,94.52005544,90.6356661,98.40444478,43.65110409,145.3890068,-3.520055438,8.48E-06
1,1,0,1333,0,1,0,0,0,0,0,1,0,0,0,0,1,98.95,4,2,1,1,9.947361459,4.625286079,86.13798936,78.53276115,93.74321757,34.85055204,137.4254267,12.81201064,0.000445648
1,1,0,1920,0,0,1,0,0,0,0,1,0,0,0,0,1,159.95,4,3,1,1,12.64713406,5.428269671,134.8330661,125.4303361,144.235796,83.24844565,186.4176864,25.11693395,0.002682861
1,1,0,2813,0,0,1,0,0,0,0,1,0,0,28,0,1,179.95,4,3,1,1,13.41454435,5.645693327,196.0877396,185.2887625,206.8867166,144.2304389,247.9450403,-16.13773957,0.001494605
1,0,1,2134,0,0,1,0,0,0,0,1,0,0,18,0,1,124.5,4,3,2,1,11.1579568,4.993324425,141.7224722,135.7917328,147.6532116,90.65648151,192.7884628,-17.22247216,0.000481003
1,1,0,1811,0,1,0,0,0,0,1,0,0,0,4,0,1,116.25,3,2,1,1,10.78192933,4.880500038,134.8446687,129.7948244,139.894513,83.87347432,185.8158631,-18.59466871,0.000403429
1,1,0,1719,0,1,0,0,0,0,0,1,0,0,25,0,1,89,4,2,1,1,9.433981132,4.464745096,106.6048614,99.7783007,113.431422,55.42709606,157.7826267,-17.60486136,0.000671938
1,1,0,1214,0,1,0,0,0,0,1,0,0,0,18,0,1,75,3,2,1,1,8.660254038,4.217163327,78.64555506,74.92365968,82.36745043,27.78875378,129.5023563,-3.645555055,8.35E-06
1,0,1,2194,0,1,0,0,0,0,0,1,0,0,55,0,1,161,4,2,2,1,12.68857754,5.440121825,129.6187962,119.3700406,139.8675517,77.8732773,181.364315,31.38120385,0.005042793
1,1,0,1661,0,1,0,0,0,0,1,0,0,0,26,0,1,126,3,2,1,1,11.22497216,5.013297935,112.1107377,108.3505444,115.870931,61.25111929,162.9703561,13.88926231,0.000123694
1,1,0,1472,0,1,0,0,0,0,1,0,0,0,24,0,1,85,3,2,1,1,9.219544457,4.396829672,97.31670529,93.93111518,100.7022954,46.48340959,148.150001,-12.31670529,7.86897E-05
1,0,1,2610,0,0,1,0,0,0,0,1,0,0,15,0,1,190.5,4,3,2,1,13.80217374,5.753935554,182.7271007,176.0372175,189.4169839,131.5673874,233.886814,7.772899313,0.000125611
1,1,0,1900,0,1,0,0,0,0,0,1,0,0,12,0,1,127,4,2,1,1,11.26942767,5.026525695,127.7238442,120.6474183,134.8002701,76.51215084,178.9355375,-0.72384418,1.22E-06
1,1,0,1767,0,1,0,0,0,0,1,0,0,0,25,0,1,115,3,2,1,1,10.7238053,4.862944131,121.3967146,117.2553165,125.5381127,70.50749267,172.2859365,-6.396714598,3.19006E-05
1,1,0,1525,0,1,0,0,0,0,1,0,0,0,5,0,1,79.5,3,2,1,1,8.91627725,4.299873802,110.5814411,106.6214864,114.5413959,59.70666376,161.4562185,-31.08144113,0.00068782
1,1,0,1044,0,1,0,0,0,0,1,0,0,0,1,0,1,79.95,3,2,1,1,8.941476388,4.307971512,72.42306066,67.62444735,77.22167397,21.47614299,123.3699783,7.52693934,5.95743E-05
1,1,0,1131,0,1,0,0,0,1,0,0,0,0,42,0,1,68,2,2,1,1,8.246211251,4.081655102,74.98539502,66.37950106,83.59128898,23.54005371,126.4307363,-6.985395017,0.000171841
1,1,0,1254,0,1,0,0,0,0,1,0,0,0,21,0,1,107,3,2,1,1,10.34408043,4.747459399,80.57571178,76.94820724,84.20321633,29.72573125,131.4256923,26.42428822,0.000416349
1,0,1,1364,0,1,0,0,0,0,1,0,0,0,14,0,1,95,3,2,2,1,9.746794345,4.562902635,90.46260528,81.41758524,99.50762531,38.94198689,141.9832237,4.537394724,8.05907E-05
1,0,1,1646,0,0,1,0,0,0,0,1,0,0,5,0,1,111.6,4,3,2,1,10.56409012,4.814539249,107.1760066,99.97127546,114.3807378,55.94642649,158.4055868,4.423993358,4.74625E-05
1,1,0,1189,0,1,0,0,0,0,1,0,0,0,57,0,1,51.9,3,2,1,1,7.204165462,3.730116986,58.38980576,51.87605312,64.9035584,7.252825947,109.5267856,-6.48980576,8.28614E-05
1,1,0,1088,0,1,0,0,0,0,1,0,0,0,17,0,1,58.9,3,2,1,1,7.674633542,3.890795739,68.62751998,64.40517162,72.84986835,17.73164631,119.5233937,-9.727519984,7.67245E-05
1,1,0,1135,0,1,0,0,0,0,0,1,0,0,14,0,1,60,4,2,1,1,7.745966692,3.914867641,63.13844803,55.15363807,71.12325798,11.79335166,114.4835444,-3.138448025,2.96168E-05
1,1,0,770,1,0,0,0,0,1,0,0,0,0,47,0,1,59,2,1,1,1,7.681145748,3.892996416,53.6502808,46.42459784,60.87596375,2.417749869,104.8828117,5.349719205,6.98249E-05
1,1,0,1148,0,1,0,0,0,0,1,0,0,0,20,0,1,70,3,2,1,1,8.366600265,4.1212853,72.22181568,68.23054898,76.21308237,21.34459149,123.0990399,-2.221815675,3.57E-06
1,1,0,1064,0,1,0,0,0,0,1,0,0,0,0,0,1,89.9,3,2,1,1,9.481561053,4.479744352,74.55324002,69.7775724,79.32890764,23.60847845,125.4980016,15.34675998,0.000245255
1,0,1,2845,0,0,0,1,0,0,0,0,1,0,3,0,1,180,5,4,2,1,13.41640787,5.646216173,232.6949039,212.4669721,252.9228356,178.0896756,287.3001321,-52.69490386,0.072058009
1,1,0,1040,0,1,0,0,0,0,1,0,0,0,5,0,1,83.5,3,2,1,1,9.137833441,4.370812319,70.22607127,65.58789882,74.86424372,19.29401482,121.1581277,13.27392873,0.000172889
1,1,0,1665,0,1,0,0,0,0,1,0,0,0,16,0,1,105.505,3,2,1,1,10.27156269,4.725245175,117.1039695,113.2824681,120.9254709,66.23978165,167.9681573,-11.59896948,8.91318E-05
1,1,0,1705,0,1,0,0,0,1,0,0,0,0,0,0,1,192,2,2,1,1,13.85640646,5.768998281,142.3198801,132.9720396,151.6677205,90.74523656,193.8945236,49.68011994,0.010365375
1,1,0,908,1,0,0,0,0,0,1,0,0,0,37,0,1,71,3,1,1,1,8.426149773,4.140817749,55.36225739,48.52046052,62.20405425,4.182457511,106.5420573,15.63774261,0.000532623
1,1,0,1480,0,1,0,0,0,0,1,0,0,0,54,0,1,83,3,2,1,1,9.110433579,4.362070672,84.00114888,78.42092055,89.58137721,32.9746785,135.0276193,-1.001148879,1.43E-06
1,1,0,1413,0,1,0,0,0,0,1,0,0,0,14,0,1,91.5,3,2,1,1,9.565563235,4.506164391,97.06789934,93.65998954,100.4758091,46.23311224,147.9026865,-5.567899341,1.62956E-05
1,1,0,1706,0,1,0,0,0,0,1,0,0,0,39,0,1,99,3,2,1,1,9.949874371,4.626065009,109.7965252,105.3511057,114.2419447,58.88166009,160.7113902,-10.79652516,0.000104924
1,1,0,1724,0,1,0,0,0,0,1,0,0,0,0,0,1,160.75,3,2,1,1,12.67872233,5.437304569,129.4698258,124.5146399,134.4250118,78.50792241,180.4317292,31.28017418,0.001098423
1,1,0,1040,0,1,0,0,0,0,1,0,0,0,4,0,1,77.7,3,2,1,1,8.814760348,4.267173876,70.69211167,66.01478621,75.36943713,19.75647479,121.6277486,7.007888332,4.90195E-05
1,1,0,1093,0,1,0,0,0,0,1,0,0,0,10,0,1,82.9,3,2,1,1,9.104943712,4.360318132,72.30583752,68.044519,76.56715605,21.40671605,123.204959,10.59416248,9.27161E-05
1,1,0,1000,1,0,0,0,0,0,1,0,0,0,55,0,1,105,3,1,1,1,10.24695077,4.71769398,54.62856942,47.4856667,61.77147215,3.407648011,105.8494908,50.37143058,0.006043643
1,0,1,2296,0,0,1,0,0,0,0,1,0,0,16,0,1,100,4,3,2,1,10,4.641588834,156.1340786,150.1850679,162.0830893,105.0659627,207.2021944,-56.13407856,0.005142282
1,1,0,2137,0,1,0,0,0,0,1,0,0,0,43,0,1,134.5,3,2,1,1,11.59741351,5.123586761,143.7945582,137.2936297,150.2954868,92.65921035,194.9299061,-9.294558229,0.000169269
1,1,0,1080,1,0,0,0,0,1,0,0,0,0,50,0,1,88.9,2,1,1,1,9.428679653,4.46307228,78.04631353,70.99040316,85.1022239,26.837451,129.2551761,10.85368647,0.000273537
1,1,0,1427,0,1,0,0,0,0,1,0,0,0,24,0,1,75,3,2,1,1,8.660254038,4.217163327,93.57239262,90.18489858,96.95988665,42.73897008,144.4058152,-18.57239262,0.000179125
1,1,0,1649,0,1,0,0,0,0,1,0,0,0,44,0,1,102,3,2,1,1,10.09950494,4.672328728,102.7235271,98.03266753,107.4143867,51.78664564,153.6604086,-0.723527118,5.26E-07
1,1,0,1280,0,1,0,0,0,0,1,0,0,0,5,0,1,102,3,2,1,1,10.09950494,4.672328728,90.19573883,86.28828126,94.1031964,39.32502077,141.0664569,11.80426117,9.65645E-05
1,1,0,978,1,0,0,0,0,1,0,0,0,0,66,0,1,77,2,1,1,1,8.774964387,4.254320865,62.10255842,54.56828072,69.63683613,10.82559409,113.3795228,14.89744158,0.000590838
1,0,1,2224,0,0,1,0,0,0,0,1,0,0,12,0,1,114.45,4,3,2,1,10.69813068,4.855179219,152.0073399,146.0753399,157.9393399,100.9412028,203.073477,-37.55733989,0.002288421
1,1,0,1289,0,1,0,0,0,0,1,0,0,0,45,0,1,85,3,2,1,1,9.219544457,4.396829672,72.30298538,67.30236954,77.30360121,21.33664462,123.2693261,12.69701463,0.000184381
1,0,1,2359,0,0,1,0,0,0,0,0,1,0,6,0,1,152,5,3,2,1,12.32882801,5.336803297,131.6860143,119.6083825,143.7636462,79.54744009,183.8245885,20.31398569,0.00303415
1,1,0,1642,0,1,0,0,0,0,1,0,0,0,1,0,1,111,3,2,1,1,10.53565375,4.805895534,122.1808157,117.609802,126.7518293,71.25483118,173.1068002,-11.18081567,0.000119079
1,1,0,1028,1,0,0,0,0,0,1,0,0,0,33,0,1,79.95,3,1,1,1,8.941476388,4.307971512,67.21125277,60.43342622,73.98907931,16.03996527,118.3825403,12.73874723,0.00034663
1,0,1,2134,0,0,1,0,0,0,0,1,0,0,16,0,1,146,4,3,2,1,12.08304597,5.265637428,142.654553,136.7337711,148.5753348,91.5897178,193.7193881,3.345447045,1.80869E-05
1,1,0,1141,0,1,0,0,0,0,1,0,0,0,10,0,1,68,3,2,1,1,8.246211251,4.081655102,76.29977104,72.2277429,80.37179917,25.4161475,127.1833946,-8.299771036,5.18981E-05
1,1,0,1900,0,1,0,0,0,0,0,1,0,0,36,0,1,80,4,2,1,1,8.94427191,4.30886938,116.5388746,109.3490636,123.7286856,65.31139062,167.7663586,-36.53887459,0.003223723
1,0,1,2200,0,0,1,0,0,0,0,1,0,0,10,0,1,203,4,3,2,1,14.24780685,5.877130659,150.9424539,144.9878766,156.8970312,99.87368929,202.0112186,52.05754607,0.004431035
1,0,1,2163,0,0,1,0,0,0,0,1,0,0,16,0,1,127.5,4,3,2,1,11.29158979,5.033113548,145.0675545,139.1603284,150.9747805,94.00428927,196.1308196,-17.56755445,0.000496402
1,1,0,1211,1,0,0,0,0,0,1,0,0,0,47,0,1,77,3,1,1,1,8.774964387,4.254320865,75.91355869,69.01583001,82.81128736,24.72625175,127.1008656,1.086441314,2.61E-06
1,0,1,1943,0,0,1,0,0,0,0,1,0,0,5,0,1,112,4,3,2,1,10.58300524,4.820284528,131.8884703,125.6022092,138.1747313,80.77996989,182.9969706,-19.88847025,0.000723127
1,1,0,1326,0,1,0,0,0,0,1,0,0,0,33,0,1,89,3,2,1,1,9.433981132,4.464745096,80.97412725,77.03470265,84.91355186,30.10094378,131.8473107,8.025872746,4.53823E-05
1,1,0,1146,0,1,0,0,0,0,1,0,0,0,13,0,1,70,3,2,1,1,8.366600265,4.1212853,75.31768458,71.32525913,79.31011002,24.44036948,126.1949997,-5.317684577,2.04691E-05
1,1,0,1427,0,1,0,0,0,0,1,0,0,0,0,0,1,56,3,2,1,1,7.483314774,3.825862366,104.7573622,100.5610076,108.9537168,53.86363841,155.651086,-48.75736221,0.001903583
1,1,0,1000,1,0,0,0,0,0,1,0,0,0,20,0,1,57,3,1,1,1,7.549834435,3.848501131,70.93998341,63.8025009,78.07746593,19.71981758,122.1601492,-13.93998341,0.000462135
1,1,0,1525,0,1,0,0,0,0,1,0,0,0,5,0,1,75.3,3,2,1,1,8.67755726,4.22277873,110.5814411,106.6214864,114.5413959,59.70666376,161.4562185,-35.28144113,0.000886268
1,1,0,1605,0,1,0,0,0,0,1,0,0,0,17,0,1,100.16,3,2,1,1,10.0079968,4.644063029,111.6455122,108.0406707,115.2503537,60.79714336,162.493881,-11.48551219,7.76699E-05
1,1,0,1552,0,1,0,0,0,0,1,0,0,0,29,0,1,83.9,3,2,1,1,9.159694318,4.377780545,101.6430591,98.03867685,105.2474414,50.79472286,152.4913954,-17.74305914,0.000185309
1,1,0,1666,0,1,0,0,0,0,0,1,0,0,20,0,1,110,4,2,1,1,10.48808848,4.791419857,104.5250951,97.72595806,111.3242322,53.3509806,155.6992096,5.474904891,6.44454E-05
1,1,0,1360,0,1,0,0,0,0,1,0,0,0,42,0,1,87,3,2,1,1,9.327379053,4.431047622,79.60879989,75.04529788,84.17230191,28.68348908,130.5341107,7.391200106,5.18642E-05
1,1,0,1503,0,1,0,0,0,0,1,0,0,0,13,0,1,105.9,3,2,1,1,10.29077257,4.731134777,105.0225651,101.5216434,108.5234867,54.18145786,155.8636723,0.877434923,4.27E-07
1,1,0,1655,0,1,0,0,0,0,1,0,0,0,16,0,1,105,3,2,1,1,10.24695077,4.71769398,116.2719,112.4856958,120.0581042,65.41035192,167.1334481,-11.2719,8.26108E-05
1,0,1,1475,0,0,1,0,0,0,1,0,0,0,4,0,1,70,3,3,2,1,8.366600265,4.1212853,104.2115786,95.58797507,112.8351822,52.76327186,155.6598854,-34.21157863,0.004139842
1,1,0,1465,0,1,0,0,0,0,1,0,0,0,10,0,1,85,3,2,1,1,9.219544457,4.396829672,103.2588223,99.6785124,106.8391321,52.41218667,154.1054578,-18.25882225,0.000193601
1,1,0,1367,0,1,0,0,0,0,1,0,0,0,16,0,1,112,3,2,1,1,10.58300524,4.820284528,92.30829893,88.91653114,95.70006671,41.47459141,143.1420064,19.69170108,0.00020188
1,1,0,960,0,1,0,0,0,0,1,0,0,0,17,0,1,63.575,3,2,1,1,7.973393255,3.991126162,57.97703062,53.10457001,62.84949123,7.023104338,108.9309569,5.597969383,3.39932E-05
1,1,0,1067,0,1,0,0,0,0,1,0,0,0,10,0,1,78,3,2,1,1,8.831760866,4.272658682,70.14245687,65.76945154,74.5154622,19.23386323,121.0510505,7.857543129,5.37521E-05
1,0,1,1978,0,0,1,0,0,0,0,1,0,0,17,0,1,128,4,3,2,1,11.3137085,5.0396842,129.2082286,123.0707414,135.3457159,78.11781388,180.2986434,-1.20822864,2.54E-06
1,1,0,1689,0,1,0,0,0,0,1,0,0,0,28,0,1,130,3,2,1,1,11.40175425,5.065797019,113.5084514,109.6159248,117.4009781,62.63887807,164.3780248,16.49154856,0.000187024
1,1,0,1446,0,1,0,0,0,0,1,0,0,0,40,0,1,87.5,3,2,1,1,9.354143467,4.439520009,87.69667824,83.42218158,91.9711749,36.79645179,138.5969047,-0.196678237,3.22E-08
1,1,0,998,1,0,0,0,0,1,0,0,0,0,45,0,1,72.5,2,1,1,1,8.514693183,4.169775458,73.55354578,66.54489954,80.56219202,22.35117422,124.7559173,-1.053545779,2.54E-06
1,1,0,2108,0,0,1,0,0,0,0,1,0,0,16,0,1,105,4,3,1,1,10.24695077,4.71769398,143.0193259,133.5682854,152.4703664,91.4258777,194.6127741,-38.01932591,0.006215035
1,1,0,1271,0,1,0,0,0,0,1,0,0,0,2,0,1,62,3,2,1,1,7.874007874,3.95789161,90.8449975,86.74023479,94.94976021,39.95874387,141.7312511,-28.8449975,0.000637097
1,0,1,2144,0,0,1,0,0,0,1,0,0,0,16,0,1,157,3,3,2,1,12.52996409,5.394690712,154.2845422,146.2457017,162.3233826,102.9310156,205.6380687,2.715457841,2.24881E-05
1,0,1,1763,0,0,1,0,0,0,1,0,0,0,0,0,1,151,3,3,2,1,12.28820573,5.325074022,130.0393413,121.8559057,138.2227769,78.66298147,181.4157011,20.9606587,0.001391146
1,1,0,1668,0,1,0,0,0,0,1,0,0,0,19,0,1,126.5,3,2,1,1,11.24722188,5.019920529,115.9554691,112.1859084,119.7250298,65.0951573,166.815781,10.54453087,0.000071652
1,0,1,1979,0,0,1,0,0,0,0,1,0,0,18,0,1,124,4,3,2,1,11.13552873,4.986630952,128.8253952,122.6788874,134.971903,77.73389601,179.9168944,-4.825395188,0.00004064
1,0,1,2510,0,0,1,0,0,0,0,1,0,0,5,0,1,140,4,3,2,1,11.83215957,5.192494102,179.0668099,172.4452691,185.6883507,127.9159884,230.2176313,-39.06680987,0.003106321
1,1,0,796,1,0,0,0,0,1,0,0,0,0,0,0,1,52,2,1,1,1,7.211102551,3.732511157,77.71756024,68.60421612,86.83090435,26.1849029,129.2502176,-25.71756024,0.002630877
1,1,0,2034,0,1,0,0,0,0,0,0,1,0,19,0,1,121.5,5,2,1,1,11.02270384,4.952890873,101.2607865,87.72815777,114.7934152,48.76608415,153.7554888,20.23921354,0.0039001
1,1,0,1425,0,1,0,0,0,0,1,0,0,0,15,0,1,91.3,3,2,1,1,9.555103349,4.502878816,97.60034232,94.2170939,100.9835907,46.76720253,148.4334821,-6.300342319,2.05613E-05
1,1,0,1300,0,1,0,0,0,0,1,0,0,0,50,0,1,68.5,3,2,1,1,8.276472679,4.091634739,70.88805981,65.42835631,76.3477633,19.87462929,121.9014903,-2.388059806,7.80E-06
1,1,0,803,1,0,0,0,0,1,0,0,0,0,23,0,1,52.4,2,1,1,1,7.238784428,3.742057263,67.58107968,59.96342135,75.19873801,16.29179767,118.8703617,-15.18107968,0.000627836
1,0,1,1999,0,0,1,0,0,0,0,1,0,0,18,0,1,146,4,3,2,1,12.08304597,5.265637428,130.4895342,124.3830552,136.5960131,79.40283514,181.5762332,15.51046585,0.000414281
1,1,0,1694,0,1,0,0,0,0,1,0,0,0,44,0,1,101.95,3,2,1,1,10.09702927,4.671565151,106.4678398,101.6944975,111.2411821,55.52329614,157.4123834,-4.517839786,2.12332E-05
1,1,0,1120,0,1,0,0,0,0,1,0,0,0,17,0,1,74.5,3,2,1,1,8.631338251,4.20777095,71.29014233,67.21061674,75.36966791,20.40591825,122.1743664,3.209857674,7.79E-06
1,1,0,1674,0,1,0,0,0,0,1,0,0,0,17,0,1,109.95,3,2,1,1,10.48570455,4.790693774,117.3867916,113.5580208,121.2155625,66.5220571,168.2515261,-7.436791616,0.000036782
1,1,0,2204,0,1,0,0,0,0,1,0,0,0,21,0,1,143.75,3,2,1,1,11.98957881,5.238447766,159.6223126,152.9647986,166.2798265,108.4668219,210.7778032,-15.87231255,0.000518538
1,1,0,1338,0,1,0,0,0,0,0,1,0,0,13,0,1,95,4,2,1,1,9.746794345,4.562902635,80.49549891,73.17963384,87.81136397,29.25017119,131.7408266,14.5045011,0.00052672
1,1,0,1477,0,1,0,0,0,0,1,0,0,0,31,0,1,88.5,3,2,1,1,9.407443861,4.456368444,94.47045723,90.82452197,98.11639248,43.61915857,145.3217559,-5.970457228,2.14741E-05
1,0,1,1800,0,0,1,0,0,0,0,1,0,0,7,0,1,122,4,3,2,1,11.04536102,4.959675664,119.0577959,112.4364244,125.6791673,67.90699635,170.2085954,2.942204138,1.76179E-05
1,1,0,954,1,0,0,0,0,0,1,0,0,0,18,0,1,66.95,3,1,1,1,8.182297966,4.060537514,68.0445446,60.81199731,75.27709189,16.8110451,119.2780441,-1.094544597,2.93E-06
1,1,0,1634,0,1,0,0,0,0,1,0,0,0,40,0,1,108,3,2,1,1,10.39230485,4.762203156,103.3395845,98.98081516,107.6983538,52.43221174,154.2469573,4.660415505,1.87844E-05
1,0,1,2678,0,0,1,0,0,0,0,0,1,0,7,0,1,144,5,3,2,1,12,5.241482788,157.7629904,145.7234009,169.8025798,105.6332154,209.8927654,-13.76299038,0.001382942
1,1,0,957,1,0,0,0,0,1,0,0,0,0,42,0,1,77,2,1,1,1,8.774964387,4.254320865,71.5401821,64.51707152,78.56329268,20.33582864,122.7445356,5.459817897,6.85507E-05
1,1,0,1536,0,1,0,0,0,0,1,0,0,0,66,0,1,120,3,2,1,1,10.95445115,4.932424149,83.06825318,76.20226688,89.93423948,31.88521401,134.2512924,36.93174682,0.002992616
1,0,1,2534,0,0,1,0,0,0,0,0,1,0,2,0,1,144.5,5,3,2,1,12.02081528,5.247542312,148.1113918,136.1008034,160.1219803,95.98830706,200.2344766,-3.611391843,9.47072E-05
1,0,1,2863,0,0,0,1,0,0,0,1,0,0,3,0,1,292.45,4,4,2,1,17.10116955,6.637693712,268.5431349,250.4590624,286.6272074,214.6952435,322.3910263,23.90686509,0.01100306
1,1,0,1329,0,1,0,0,0,0,0,1,0,0,47,0,1,92.5,4,2,1,1,9.617692031,4.522520848,63.90126278,55.49262122,72.30990434,12.4885505,115.3139751,28.59873722,0.002742416
1,1,0,1111,1,0,0,0,0,0,1,0,0,0,46,0,1,57,3,1,1,1,7.549834435,3.848501131,68.05890427,61.23742463,74.88038391,16.88181647,119.2359921,-11.05890427,0.000264739
1,0,1,1562,0,1,0,0,0,0,0,1,0,0,5,0,1,109,4,2,2,1,10.44030651,4.776856181,100.3340249,90.12564275,110.542407,48.59648729,152.0715625,8.66597511,0.000381283
1,1,0,1440,0,1,0,0,0,0,1,0,0,0,0,0,1,115.999,3,2,1,1,10.77028319,4.876984947,105.8390525,101.6316229,110.0464822,54.94441436,156.7336907,10.15994746,8.30989E-05
1,1,0,1655,0,1,0,0,0,0,1,0,0,0,18,0,1,103,3,2,1,1,10.14889157,4.687548148,115.3398192,111.5991173,119.0805211,64.48163814,166.1980003,-12.3398192,9.66145E-05
1,1,0,1029,1,0,0,0,0,0,1,0,0,0,43,0,1,88.5,3,1,1,1,9.407443861,4.456368444,62.63405572,55.85029017,69.41782127,11.46198124,113.8061302,25.86594428,0.001431719
1,1,0,1980,0,1,0,0,0,0,0,1,0,0,17,0,1,126,4,2,1,1,11.22497216,5.013297935,132.050198,124.9054628,139.1949333,80.82902104,183.271375,-6.050198036,8.72371E-05
1,1,0,1536,0,1,0,0,0,0,1,0,0,0,16,0,1,88.5,3,2,1,1,9.407443861,4.456368444,106.3702732,102.9037616,109.8367847,55.53152384,157.2090225,-17.87027317,0.000173738
1,1,0,1229,0,1,0,0,0,1,0,0,0,0,4,0,1,85,2,2,1,1,9.219544457,4.396829672,100.8492111,92.24985823,109.448564,49.40496363,152.2934586,-15.84921113,0.000883205
1,1,0,1057,1,0,0,0,0,0,1,0,0,0,35,0,1,96.5,3,1,1,1,9.823441352,4.586792613,68.69217346,61.93589513,75.44845179,17.52373566,119.8606113,27.80782654,0.001640895
1,1,0,950,1,0,0,0,0,1,0,0,0,0,10,0,1,66.5,2,1,1,1,8.154753215,4.05141951,85.87102626,77.5084858,94.23356672,34.46583378,137.2762187,-19.37102626,0.001243659
1,1,0,1150,0,1,0,0,0,0,1,0,0,0,31,0,1,73.5,3,2,1,1,8.5732141,4.188859364,67.26178517,62.86272717,71.66084318,16.35094701,118.1726233,6.238214826,0.000034291
1,1,0,1877,0,1,0,0,0,0,1,0,0,0,33,0,1,135,3,2,1,1,11.61895004,5.12992784,126.8211557,122.023956,131.6183555,75.87437115,177.7679403,8.1788443,7.02984E-05
1,0,1,1630,0,0,1,0,0,0,0,1,0,0,2,0,1,106.5,4,3,2,1,10.31988372,4.740053054,107.2428167,99.9286297,114.5570036,55.9977285,158.4879048,-0.74281667,1.38E-06
1,1,0,1026,1,0,0,0,0,1,0,0,0,0,48,0,1,70.552,2,1,1,1,8.399523796,4.132090041,74.48521913,67.46503463,81.50540362,23.28126693,125.6891713,-3.933219128,3.55448E-05
1,0,1,1920,0,0,1,0,0,0,1,0,0,0,0,0,1,156,3,3,2,1,12.489996,5.383212612,143.1028322,134.9614555,151.2442089,91.73315487,194.4725095,12.89716784,0.000521
1,0,1,960,0,1,0,0,0,1,0,0,0,0,36,0,1,67,2,2,2,1,8.185352772,4.0615481,61.02509567,49.57610961,72.47408173,9.028547588,113.0216438,5.974904327,0.000233024
1,1,0,1485,0,1,0,0,0,0,1,0,0,0,20,0,1,102,3,2,1,1,10.09950494,4.672328728,100.2625572,96.91084347,103.614271,49.43150651,151.0936079,1.737442789,1.53E-06
1,1,0,1389,0,1,0,0,0,0,1,0,0,0,21,0,1,76,3,2,1,1,8.717797887,4.235823584,91.80864979,88.44673643,95.17056314,40.97692552,142.6403741,-15.80864979,0.000127811
1,1,0,751,1,0,0,0,0,1,0,0,0,0,0,0,1,74,2,1,1,1,8.602325267,4.198336454,73.97324757,64.84074801,83.10574713,22.43719922,125.5092959,0.026752432,2.86E-09
1,1,0,1154,0,1,0,0,0,0,1,0,0,0,16,0,1,68,3,2,1,1,8.246211251,4.081655102,74.58521896,70.64747764,78.52296029,23.71216581,125.4582721,-6.585218964,3.05258E-05
1,0,1,2226,0,0,1,0,0,0,0,1,0,0,16,0,1,124,4,3,2,1,11.13552873,4.986630952,150.3095922,144.4038256,156.2153588,99.24649583,201.3726886,-26.30959219,0.001112804
1,1,0,2100,0,1,0,0,0,0,1,0,0,0,57,0,1,99.5,3,2,1,1,9.974968672,4.633839923,134.1913356,127.0606896,141.3219815,82.97212195,185.4105492,-34.69133555,0.002856408
1,1,0,1224,0,1,0,0,0,0,1,0,0,0,35,0,1,89,3,2,1,1,9.433981132,4.464745096,71.55493774,67.1846158,75.92525969,20.64657453,122.463301,17.44506226,0.000264622
1,1,0,1440,0,1,0,0,0,0,1,0,0,0,0,0,1,149.111,3,2,1,1,12.21110151,5.302775335,105.8390525,101.6316229,110.0464822,54.94441436,156.7336907,43.27194746,0.001507389
1,0,1,2436,0,0,0,1,0,0,0,1,0,0,22,0,1,142.5,4,4,2,1,11.93733639,5.223219634,224.1590004,205.9376666,242.3803343,170.2648566,278.0531443,-81.65900044,0.130910332
1,1,0,1723,0,1,0,0,0,0,1,0,0,0,4,0,1,150.5,3,2,1,1,12.26784415,5.319189957,127.5224573,122.8690628,132.1758517,76.58901236,178.4559022,22.97754273,0.000521519
1,1,0,1849,0,1,0,0,0,0,0,1,0,0,16,0,1,105,4,2,1,1,10.24695077,4.71769398,121.6161282,114.6966733,128.5355831,70.42588905,172.8063674,-16.61612822,0.000615606
1,0,1,2120,0,0,1,0,0,0,0,1,0,0,7,0,1,168,4,3,2,1,12.9614814,5.517848353,145.6840193,139.6594883,151.7085502,94.60705085,196.7609877,22.31598072,0.000834068
1,1,0,1176,1,0,0,0,0,0,1,0,0,0,42,0,1,77,3,1,1,1,8.774964387,4.254320865,75.3315175,68.52719415,82.13584084,24.15671367,126.5063213,1.668482502,5.99E-06
1,1,0,1086,0,1,0,0,0,1,0,0,0,0,12,0,1,73,2,2,1,1,8.544003745,4.179339196,85.22229434,76.7427323,93.70185638,33.7979353,136.6466534,-12.22229434,0.000509866
1,1,0,1551,0,1,0,0,0,1,0,0,0,0,0,0,1,158.5,2,2,1,1,12.58967831,5.411816829,129.50601,120.4933183,138.5187018,77.99105742,181.0209627,28.99398996,0.003265684
1,1,0,1642,1,0,0,0,0,0,1,0,0,0,71,0,1,89,3,1,1,1,9.433981132,4.464745096,100.5907838,91.87907369,109.3024938,49.12763555,152.053932,-11.59078376,0.000485538
1,1,0,1120,0,1,0,0,0,0,1,0,0,0,1,0,1,76,3,2,1,1,8.717797887,4.235823584,78.74678872,74.22025358,83.27332387,27.82477726,129.6688002,-2.746788722,7.05E-06
1,1,0,1932,0,1,0,0,0,0,1,0,0,0,20,0,1,62,3,2,1,1,7.874007874,3.95789161,137.4560631,132.4537458,142.4583803,86.48955533,188.4225708,-75.45606305,0.006516313
1,0,1,2117,0,0,1,0,0,0,0,1,0,0,16,0,1,124.7,4,3,2,1,11.16691542,4.995996796,141.2400348,135.3075548,147.1725148,90.17384201,192.3062277,-16.54003484,0.000443906
1,1,0,1124,1,0,0,0,0,1,0,0,0,0,48,0,1,85.5,2,1,1,1,9.246621005,4.405434058,82.63950005,75.56279665,89.71620345,31.42776837,133.8512317,2.86049995,1.91162E-05
1,1,0,1457,0,1,0,0,0,0,1,0,0,0,20,0,1,90,3,2,1,1,9.486832981,4.481404747,97.93276266,94.59660383,101.2689215,47.10273525,148.7627901,-7.932762662,3.16876E-05
1,1,0,1387,0,1,0,0,0,0,1,0,0,0,18,0,1,102.5,3,2,1,1,10.12422837,4.679950812,93.04035709,89.68489076,96.39582342,42.20905881,143.8716554,9.459642911,4.55875E-05
1,1,0,2640,0,1,0,0,0,0,0,1,0,0,0,0,1,285,4,2,1,1,16.88194302,6.580844365,194.8894706,184.3776167,205.4013246,143.0912003,246.6877409,90.11052937,0.043936375
1,1,0,1760,0,1,0,0,0,0,1,0,0,0,7,0,1,115,3,2,1,1,10.7238053,4.862944131,129.2029932,124.5836483,133.822338,78.27264781,180.1333385,-14.20299316,0.000196307
1,1,0,1694,0,1,0,0,0,0,1,0,0,0,11,0,1,113,3,2,1,1,10.63014581,4.834588127,121.847173,117.7262051,125.9681408,70.9596096,172.7347364,-8.847172978,6.04145E-05
1,1,0,980,1,0,0,0,0,1,0,0,0,0,55,0,1,56.5,2,1,1,1,7.516648189,3.837215139,67.39541671,60.26379758,74.52703584,16.17606761,118.6147658,-10.89541671,0.000281831
1,1,0,1183,0,1,0,0,0,0,1,0,0,0,38,0,1,90,3,2,1,1,9.486832981,4.481404747,66.74533167,62.00306454,71.48759879,15.80369027,117.6869731,23.25466833,0.000555137
1,1,0,1410,0,1,0,0,0,0,1,0,0,0,17,0,1,66,3,2,1,1,8.124038405,4.041240021,95.4201573,92.0688576,98.771457,44.58913389,146.2511807,-29.4201573,0.000439843
1,0,1,2703,0,0,1,0,0,0,0,0,1,0,16,0,1,145,5,3,2,1,12.04159458,5.253587873,155.6488005,143.5482457,167.7493553,103.5049115,207.7926895,-10.64880049,0.000837324
1,1,0,1496,0,1,0,0,0,0,1,0,0,0,30,0,1,98,3,2,1,1,9.899494937,4.610436292,96.51742964,92.91735895,100.1175003,45.66939881,147.3654605,1.482570356,1.29E-06
1,1,0,1148,0,1,0,0,0,0,1,0,0,0,15,0,1,99.5,3,2,1,1,9.974968672,4.633839923,74.55201767,70.58708893,78.51694642,23.6768529,125.4271825,24.94798233,0.00044427
1,1,0,1816,0,1,0,0,0,0,0,1,0,0,16,0,1,105,4,2,1,1,10.24695077,4.71769398,118.8702989,111.9903363,125.7502616,67.68538302,170.0552149,-13.87029893,0.000423892
1,1,0,1700,0,1,0,0,0,0,1,0,0,0,44,0,1,87.5,3,2,1,1,9.354143467,4.439520009,106.9670815,102.1810226,111.7531404,56.02134475,157.9128182,-19.46708148,0.000396376
1,1,0,1258,0,1,0,0,0,0,1,0,0,0,5,0,1,74.5,3,2,1,1,8.631338251,4.20777095,88.36518597,84.41972372,92.31064822,37.49153461,139.2388373,-13.86518597,0.000135863
1,1,0,1154,0,1,0,0,0,0,1,0,0,0,16,0,1,75.5,3,2,1,1,8.689073599,4.226514052,74.58521896,70.64747764,78.52296029,23.71216581,125.4582721,0.914781037,5.89E-07
1,1,0,1288,1,0,0,0,0,1,0,0,0,0,66,0,1,95,2,1,1,1,9.746794345,4.562902635,87.89671236,80.20362622,95.58979849,36.59617332,139.1972514,7.103287645,0.000140319
1,1,0,852,1,0,0,0,0,1,0,0,0,0,47,0,1,76.4,2,1,1,1,8.740709353,4.243241854,60.47325055,53.37144205,67.57505904,9.258043674,111.6884574,15.92674946,0.000596996
1,1,0,2243,0,1,0,0,0,0,0,1,0,0,15,0,1,159.45,4,2,1,1,12.62735127,5.422607552,154.8657062,146.8436196,162.8877928,103.5147997,206.2166128,4.584293794,6.38124E-05
1,0,1,1677,0,1,0,0,0,0,1,0,0,0,32,0,1,106.8,3,2,2,1,10.33440855,4.744499635,108.1176529,99.32338965,116.9119161,56.64046572,159.59484,-1.31765286,6.40E-06
1,0,1,2117,0,0,1,0,0,0,0,1,0,0,4,0,1,197.5,4,3,2,1,14.05346932,5.823566423,146.8325196,140.7247709,152.9402684,95.74566882,197.9193705,50.66748037,0.004422722
1,1,0,1524,0,1,0,0,0,0,0,1,0,0,12,0,1,93,4,2,1,1,9.643650761,4.530654896,96.43803167,89.47660516,103.3994582,45.24210224,147.6339611,-3.438031666,0.000026688
1,0,1,2348,0,0,1,0,0,0,0,1,0,0,0,0,1,149.99,4,3,2,1,12.24704046,5.31317477,167.9174863,161.4770282,174.3579444,116.7897909,219.0451816,-17.92748626,0.000617693
1,1,0,1705,0,1,0,0,0,0,1,0,0,0,23,0,1,145.5,3,2,1,1,12.06233808,5.259619552,117.1699646,113.2890041,121.0509252,66.30127497,168.0386543,28.33003539,0.000548598
1,1,0,1623,0,1,0,0,0,0,1,0,0,0,19,0,1,106,3,2,1,1,10.29563014,4.732623491,112.2111565,108.587911,115.8344019,61.36147958,163.0608333,-6.211156459,2.29491E-05
1,0,1,1724,0,0,1,0,0,0,1,0,0,0,0,0,1,144.95,3,3,2,1,12.03951826,5.252983942,126.7942703,118.5738192,135.0147214,75.41200152,178.1765391,18.15572968,0.001053709
1,1,0,1385,0,1,0,0,0,1,0,0,0,0,6,0,1,90,2,2,1,1,9.486832981,4.481404747,112.8974143,104.3696711,121.4251574,61.46508847,164.32974,-22.89741425,0.001811047
1,1,0,1171,0,1,0,0,0,0,1,0,0,0,37,0,1,82,3,2,1,1,9.055385138,4.344481486,66.21288869,61.50033039,70.92544698,15.27400436,117.151773,15.78711131,0.000252599
1,1,0,1797,0,1,0,0,0,0,1,0,0,0,16,0,1,116,3,2,1,1,10.77032961,4.876998961,128.0872866,123.7033181,132.4712552,77.1777501,178.9968232,-12.08728664,0.000127846
1,1,0,1118,0,1,0,0,0,0,1,0,0,0,16,0,1,69,3,2,1,1,8.306623863,4.10156593,71.58976883,67.50391573,75.67562193,20.70503707,122.4745006,-2.589768829,5.09E-06
1,1,0,1280,0,1,0,0,0,0,1,0,0,0,0,0,1,54,3,2,1,1,7.348469228,3.77976315,92.52594083,88.29504618,96.75683548,41.62935744,143.4225242,-38.52594083,0.001208418
1,1,0,938,1,0,0,0,0,1,0,0,0,0,10,0,1,55,2,1,1,1,7.416198487,3.802952461,84.87254288,76.51563491,93.22945085,33.46826639,136.2768194,-29.87254288,0.002953401
1,1,0,1832,0,1,0,0,0,0,0,1,0,0,21,0,1,92.9,4,2,1,1,9.638464608,4.529030423,117.8714081,111.008284,124.7345322,66.68875281,169.0540634,-24.97140811,0.001366979
1,1,0,1551,0,1,0,0,0,0,1,0,0,0,0,0,1,146,3,2,1,1,12.08304597,5.265637428,115.0750238,110.6837385,119.4663091,64.16485665,165.9851909,30.92497621,0.000839689
1,1,0,1667,0,1,0,0,0,0,1,0,0,0,13,0,1,104.5,3,2,1,1,10.22252415,4.710193659,118.6685046,114.7384569,122.5985523,67.79604635,169.5409628,-14.16850458,0.000140752
1,1,0,1885,0,1,0,0,0,0,1,0,0,0,17,0,1,94,3,2,1,1,9.695359715,4.546835944,134.9434577,130.1346565,139.7522588,83.99557942,185.8913359,-40.94345768,0.001770381
1,0,1,1791,0,1,0,0,0,0,1,0,0,0,91,0,1,94,3,2,2,1,9.695359715,4.546835944,90.10686137,78.66073397,101.5529888,38.11094265,142.1027801,3.893138634,9.88779E-05
1,1,0,1681,0,1,0,0,0,0,1,0,0,0,24,0,1,113.5,3,2,1,1,10.65363788,4.841708297,114.7069575,110.9076536,118.5062613,63.84443254,165.5694824,-1.206957455,9.54E-07
1,1,0,1501,0,1,0,0,0,0,1,0,0,0,11,0,1,115,3,2,1,1,10.7238053,4.862944131,105.788232,102.2098374,109.3666265,54.94173123,156.6347327,9.21176802,4.92241E-05
1,1,0,764,1,0,0,0,0,1,0,0,0,0,75,0,1,65.101,2,1,1,1,8.068519071,4.022807211,40.10190791,31.72501454,48.47880128,-11.30562143,91.50943726,24.99909209,0.002078822
1,1,0,1695,0,1,0,0,0,0,1,0,0,0,15,0,1,110,3,2,1,1,10.48808848,4.791419857,120.0662183,116.1018204,124.0306162,69.19109492,170.9413417,-10.06621833,7.23088E-05
1,1,0,1415,0,1,0,0,0,0,1,0,0,0,15,0,1,78,3,2,1,1,8.831760866,4.272658682,96.76827284,93.3847598,100.1517859,45.93511544,147.6014302,-18.76827284,0.00018249
1,1,0,1600,0,1,0,0,0,0,1,0,0,0,16,0,1,87.95,3,2,1,1,9.378166132,4.447117605,111.6955179,108.0812915,115.3097442,60.84648282,162.5445529,-23.74551785,0.000333731
1,0,1,2125,0,0,1,0,0,0,0,1,0,0,0,0,1,162.95,4,3,2,1,12.76518703,5.461996971,149.3623368,143.1099931,155.6146805,98.25799715,200.4666765,13.58766318,0.000333777
1,1,0,1064,0,1,0,0,0,0,1,0,0,0,0,0,1,84.9,3,2,1,1,9.2141196,4.395104749,74.55324002,69.7775724,79.32890764,23.60847845,125.4980016,10.34675998,0.000111479
1,1,0,1064,1,0,0,0,0,0,1,0,0,0,43,0,1,83.5,3,1,1,1,9.137833441,4.370812319,65.5462989,58.77227055,72.32032726,14.37551436,116.7170835,17.9537011,0.000687727
1,0,1,1700,0,1,0,0,0,0,1,0,0,0,60,0,1,165,3,2,2,1,12.84523258,5.484806552,96.98228148,87.60969376,106.3548692,45.40314682,148.5614161,68.01771853,0.019539895
1,1,0,1552,0,1,0,0,0,0,1,0,0,0,16,0,1,97,3,2,1,1,9.848857802,4.594700892,107.7015843,104.2038258,111.1993429,56.86069483,158.5424739,-10.70158434,0.000063445
1,1,0,1446,0,1,0,0,0,0,1,0,0,0,7,0,1,101,3,2,1,1,10.04987562,4.657009508,103.0760114,99.35321533,106.7988075,52.21914423,153.9328786,-2.076011429,2.71E-06
1,1,0,1072,1,0,0,0,0,1,0,0,0,0,69,0,1,77,2,1,1,1,8.774964387,4.254320865,68.52589035,60.87333147,76.17844923,17.23141318,119.8203675,8.47410965,0.000197508
1,0,1,1999,0,1,0,0,0,1,0,0,0,0,84,0,1,100,2,2,2,1,10,4.641588834,125.1071756,112.4202481,137.7941032,72.82410131,177.39025,-25.10717564,0.005178566
1,1,0,1426,1,0,0,0,0,0,1,0,0,0,0,0,1,127,3,1,1,1,11.26942767,5.026525695,115.7069513,106.5721978,124.8417049,64.17050351,167.2433992,11.29304867,0.000509845
1,1,0,1324,0,1,0,0,0,0,1,0,0,0,22,0,1,78,3,2,1,1,8.831760866,4.272658682,85.93415776,82.46310521,89.4052103,35.09509859,136.7732169,-7.934157755,3.43386E-05
1,0,1,2457,0,0,1,0,0,0,0,1,0,0,84,0,1,90.25,4,3,2,1,9.5,4.485550359,137.83965,127.2748287,148.4044714,86.03060468,189.6486954,-47.58965003,0.012389614
1,1,0,1175,1,0,0,0,0,0,1,0,0,0,43,0,1,76,3,1,1,1,8.717797887,4.235823584,74.78227015,67.970919,81.5936213,23.60653141,125.9580089,1.21772985,3.20E-06
1,1,0,1350,0,1,0,0,0,0,1,0,0,0,0,0,1,89,3,2,1,1,9.433981132,4.464745096,98.3504272,94.17263193,102.5282225,47.45823031,149.2426241,-9.350427202,6.93827E-05
1,1,0,1455,0,1,0,0,0,0,1,0,0,0,5,0,1,96.5,3,2,1,1,9.823441352,4.586792613,104.7569548,100.9016348,108.6122747,53.89021492,155.6236946,-8.256954762,4.59806E-05
1,1,0,1101,1,0,0,0,0,0,1,0,0,0,46,0,1,75,3,1,1,1,8.660254038,4.217163327,67.22683479,60.40672334,74.04694623,16.04992934,118.4037402,7.773165214,0.00013074
1,1,0,1686,0,1,0,0,0,0,1,0,0,0,20,0,1,128,3,2,1,1,11.3137085,5.0396842,116.9871538,113.164846,120.8094616,66.12290537,167.8514022,11.01284621,8.03856E-05
1,1,0,1455,0,1,0,0,0,0,1,0,0,0,13,0,1,78.5,3,2,1,1,8.860022573,4.281768856,101.0286316,97.57835439,104.4789087,50.19098662,151.8662765,-22.52863156,0.000273519
1,1,0,1201,0,1,0,0,0,0,1,0,0,0,27,0,1,80,3,2,1,1,8.94427191,4.30886938,73.36950113,69.37820664,77.36079562,22.49227477,124.2467275,6.63049887,3.18051E-05
1,1,0,1064,0,1,0,0,0,0,1,0,0,0,0,0,1,89.9,3,2,1,1,9.481561053,4.479744352,74.55324002,69.7775724,79.32890764,23.60847845,125.4980016,15.34675998,0.000245255
1,1,0,1440,0,1,0,0,0,0,1,0,0,0,0,0,1,111.999,3,2,1,1,10.582958,4.820270182,105.8390525,101.6316229,110.0464822,54.94441436,156.7336907,6.159947462,3.05469E-05
1,1,0,1457,0,1,0,0,0,0,1,0,0,0,20,0,1,91.5,3,2,1,1,9.565563235,4.506164391,97.93276266,94.59660383,101.2689215,47.10273525,148.7627901,-6.432762662,0.000020837
1,0,1,1195,0,1,0,0,0,0,1,0,0,0,23,0,1,65,3,2,2,1,8.062257748,4.020725759,72.20626744,63.19768556,81.21484931,20.69203369,123.7205012,-7.206267436,0.000201538
1,1,0,1092,0,1,0,0,0,0,1,0,0,0,24,0,1,67.95,3,2,1,1,8.243178998,4.080654451,65.69806498,61.35724099,70.03888897,14.79222559,116.6039044,2.251935022,4.35E-06
1,1,0,1291,0,1,0,0,0,0,1,0,0,0,6,0,1,86,3,2,1,1,9.273618496,4.414004962,90.64497486,86.80928625,94.48066348,39.77971916,141.5102306,-4.644974861,1.44018E-05
1,1,0,2951,0,0,1,0,0,0,1,0,0,0,16,0,1,208.55,3,3,1,1,14.44126033,5.930209889,223.9607029,211.4500829,236.471323,171.7201311,276.2012748,-15.41070294,0.001890187
1,1,0,1226,0,1,0,0,0,0,1,0,0,0,20,0,1,83.25,3,2,1,1,9.124143795,4.366445871,78.71195763,75.01205628,82.41185899,27.85676123,129.567154,4.538042367,1.27801E-05
1,0,1,2215,0,1,0,0,0,0,0,1,0,0,57,0,1,178.71,4,2,2,1,13.36824596,5.63269564,130.4340613,120.0841975,140.783925,78.66842198,182.1997006,48.27593874,0.012191407
1,1,0,1677,0,1,0,0,0,0,1,0,0,0,28,0,1,139.86,3,2,1,1,11.82624201,5.190762693,112.5099681,108.6559262,116.3640099,61.64332507,163.3766111,27.35003194,0.000504149
1,1,0,1486,0,1,0,0,0,0,1,0,0,0,26,0,1,94.35,3,2,1,1,9.713392816,4.55247219,97.54952176,94.10781441,100.9912291,46.71245772,148.3865858,-3.199521761,5.49E-06
1,0,1,2636,0,0,1,0,0,0,0,1,0,0,17,0,1,211.455,4,3,2,1,14.54149236,5.957617999,183.9584005,177.1988639,190.7179372,132.7895324,235.1272687,27.49659946,0.001605974
1,1,0,1919,0,1,0,0,0,0,0,1,0,0,14,0,1,140.97,4,2,1,1,11.87307879,5.204458701,128.3726954,121.3053471,135.4400437,77.16225562,179.5831352,12.5973046,0.000369725
1,1,0,1784,0,1,0,0,0,0,1,0,0,0,27,0,1,127.65,3,2,1,1,11.29822995,5.035086544,121.8791519,117.6422291,126.1160748,70.98206707,172.7762368,5.770848082,2.71922E-05
1,1,0,1540,0,1,0,0,0,0,1,0,0,0,7,0,1,88.245,3,2,1,1,9.393880987,4.452084198,110.8974646,107.0352238,114.7597053,60.0301997,161.7647294,-22.65246456,0.00034733
1,1,0,1054,0,1,0,0,0,0,1,0,0,0,3,0,1,88.7445,3,2,1,1,9.420429927,4.460468557,72.32304934,67.66017244,76.98592625,21.38873721,123.2573615,16.42145066,0.000267476
1,1,0,1142,0,1,0,0,0,1,0,0,0,0,44,0,1,75.48,2,2,1,1,8.687922652,4.226140817,74.96859065,66.30741686,83.62976443,23.51397315,126.4232082,0.511409353,9.34E-07
1,1,0,1266,0,1,0,0,0,0,1,0,0,0,23,0,1,118.77,3,2,1,1,10.89816498,4.91551379,80.64211436,77.00721291,84.27701581,29.79160562,131.4926231,38.12788564,0.000870411
1,0,1,1377,0,1,0,0,0,0,1,0,0,0,16,0,1,92.15,3,2,2,1,9.599479153,4.516809558,90.6122148,81.63734972,99.58707989,39.1038666,142.120563,1.537785197,9.10E-06
1,0,1,1662,0,0,1,0,0,0,0,1,0,0,7,0,1,108.252,4,3,2,1,10.40442214,4.765904215,107.575237,100.4542962,114.6961779,56.35737363,158.7931004,0.676762987,1.08E-06
1,1,0,1200,0,1,0,0,0,0,1,0,0,0,59,0,1,50.343,3,2,1,1,7.095280121,3.692436461,58.37300139,51.67953919,65.06646359,7.212819929,109.5331829,-8.03000139,0.000134207
1,1,0,1098,0,1,0,0,0,0,1,0,0,0,19,0,1,57.133,3,2,1,1,7.558637443,3.851492085,68.52750867,64.33202539,72.72299195,17.6338567,119.4211606,-11.39450867,0.00010392
1,1,0,1146,0,1,0,0,0,0,0,1,0,0,16,0,1,58.2,4,2,1,1,7.628892449,3.87532082,63.12164366,55.17341081,71.06987651,11.78222278,114.4610645,-4.921643656,7.21338E-05
1,1,0,777,1,0,0,0,0,1,0,0,0,0,49,0,1,57.23,2,1,1,1,7.565051223,3.853670531,53.30064863,46.06229492,60.53900235,2.066329125,104.5349681,3.929351368,3.78072E-05
1,1,0,1159,0,1,0,0,0,0,1,0,0,0,22,0,1,67.9,3,2,1,1,8.24014563,4.079653309,72.20501131,68.21893165,76.19109096,21.32819378,123.0818288,-4.305011306,1.33722E-05
1,1,0,1074,0,1,0,0,0,0,1,0,0,0,2,0,1,87.203,3,2,1,1,9.338254655,4.434491315,74.45322871,69.8201942,79.08626321,23.52163989,125.3848175,12.74977129,0.000159146
1,0,1,2873,0,0,0,1,0,0,0,0,1,0,5,0,1,174.6,5,4,2,1,13.21362933,5.589179787,234.0926176,213.8901473,254.2950879,179.4968162,288.6884191,-59.49261761,0.091530106
1,1,0,1050,0,1,0,0,0,0,1,0,0,0,7,0,1,80.995,3,2,1,1,8.999722218,4.326659681,70.12605995,65.59976329,74.65235662,19.20406969,121.0480502,10.86894005,0.000110303
1,1,0,1681,0,1,0,0,0,0,1,0,0,0,18,0,1,102.33985,3,2,1,1,10.11631603,4.677512162,117.5031999,113.6698331,121.3365666,66.63811918,168.3682805,-15.16334985,0.000153288
1,1,0,1722,0,1,0,0,0,1,0,0,0,0,2,0,1,186.24,2,2,1,1,13.64697769,5.710721587,142.8023174,133.5182874,152.0863474,91.23920126,194.3654335,43.43768262,0.007808868
1,1,0,917,1,0,0,0,0,0,1,0,0,0,39,0,1,68.87,3,1,1,1,8.298795093,4.098988448,55.17903912,48.34073648,62.01734176,3.999706241,106.358372,13.69096088,0.00040783
1,1,0,1494,0,1,0,0,0,0,1,0,0,0,56,0,1,80.51,3,2,1,1,8.972736483,4.318006339,84.23396535,78.45159494,90.01633577,33.18499339,135.2829373,-3.723965354,2.13485E-05
1,1,0,1427,0,1,0,0,0,0,1,0,0,0,16,0,1,88.755,3,2,1,1,9.420987209,4.460644467,97.30071582,93.93730929,100.6641223,46.46889277,148.1325389,-8.545715816,3.73822E-05
1,1,0,1723,0,1,0,0,0,0,1,0,0,0,41,0,1,96.03,3,2,1,1,9.799489783,4.579333885,110.2789625,105.6567853,114.9011397,59.34836016,161.2095648,-14.24896248,0.000197826
1,1,0,1741,0,1,0,0,0,0,1,0,0,0,2,0,1,155.9275,3,2,1,1,12.48709334,5.382378545,129.9522631,125.0795185,134.8250078,78.9983097,180.9062166,25.97523686,0.000731984
1,1,0,1050,0,1,0,0,0,0,1,0,0,0,6,0,1,75.369,3,2,1,1,8.681532123,4.224068163,70.59210035,66.03282683,75.15137388,19.66716828,121.5170324,4.776899649,2.16228E-05
1,1,0,1103,0,1,0,0,0,0,1,0,0,0,12,0,1,80.413,3,2,1,1,8.967329591,4.316271503,72.20582621,68.02506978,76.38658263,21.31338615,123.0982663,8.207173795,5.35303E-05
1,1,0,1010,1,0,0,0,0,0,1,0,0,0,57,0,1,101.85,3,1,1,1,10.0920761,4.670037248,54.52855811,47.30620452,61.75091169,3.296496637,105.7606196,47.3214419,0.005458175
1,0,1,2318,0,0,1,0,0,0,0,1,0,0,18,0,1,97,4,3,2,1,9.848857802,4.594700892,157.0325506,151.0623518,163.0027494,105.9619622,208.1031391,-60.03255062,0.005924489
1,1,0,2158,0,1,0,0,0,0,1,0,0,0,45,0,1,130.465,3,2,1,1,11.42212765,5.071829821,144.6098233,137.9085016,151.3111451,93.44861299,195.7710337,-14.14482334,0.000417439
1,1,0,1090,1,0,0,0,0,1,0,0,0,0,52,0,1,86.233,2,1,1,1,9.286172516,4.417987659,77.94630221,70.86105823,85.0315462,26.73338965,129.1592148,8.286697787,0.000160831
1,1,0,1441,0,1,0,0,0,0,1,0,0,0,26,0,1,72.75,3,2,1,1,8.529361055,4.174562805,93.80520909,90.36703396,97.24338423,42.96838406,144.6420341,-21.05520909,0.000237223
1,1,0,1665,0,1,0,0,0,0,1,0,0,0,46,0,1,98.94,3,2,1,1,9.946858801,4.625130262,103.1227575,98.24049908,108.0050159,52.16789336,154.0776216,-4.18275749,1.90561E-05
1,1,0,1292,0,1,0,0,0,0,1,0,0,0,7,0,1,98.94,3,2,1,1,9.946858801,4.625130262,90.26214141,86.47954968,94.04473314,39.40086212,141.1234207,8.67785859,4.88686E-05
1,1,0,987,1,0,0,0,0,1,0,0,0,0,68,0,1,74.69,2,1,1,1,8.642337647,4.211344989,61.91934015,54.29084719,69.54783312,10.62844783,113.2102325,12.77065985,0.000445614
1,0,1,2246,0,0,1,0,0,0,0,1,0,0,14,0,1,111.0165,4,3,2,1,10.53643678,4.806133652,152.905812,146.983487,158.8281369,101.8407979,203.970826,-41.88931195,0.002837238
1,1,0,1301,0,1,0,0,0,0,1,0,0,0,47,0,1,82.45,3,2,1,1,9.080198236,4.352414215,72.36938795,67.20944091,77.529335,21.38716768,123.3516082,10.08061205,0.000123903
1,0,1,2382,0,0,1,0,0,0,0,0,1,0,8,0,1,147.44,5,3,2,1,12.14248739,5.282892508,132.6676933,120.601613,144.7337737,80.53179373,184.8035929,14.77230668,0.001601078
1,1,0,1658,0,1,0,0,0,0,1,0,0,0,3,0,1,107.67,3,2,1,1,10.37641557,4.757347815,122.580046,118.1058132,127.0542789,71.66265716,173.4974349,-14.91004604,0.00020275
1,1,0,1038,1,0,0,0,0,0,1,0,0,0,35,0,1,77.5515,3,1,1,1,8.806332949,4.264453673,67.11124145,60.35416687,73.86831603,15.9426985,118.2797844,10.44025855,0.000231353
1,0,1,2155,0,0,1,0,0,0,0,1,0,0,18,0,1,141.62,4,3,2,1,11.90042016,5.212445535,143.4698181,137.5510566,149.3885795,92.40521714,194.534419,-1.849818067,5.53E-06
1,1,0,1152,0,1,0,0,0,0,1,0,0,0,12,0,1,65.96,3,2,1,1,8.121576202,4.040423444,76.28296667,72.29682202,80.26911131,25.40614405,127.1597893,-10.32296667,7.68914E-05
1,1,0,1919,0,1,0,0,0,0,0,1,0,0,38,0,1,77.6,4,2,1,1,8.809086218,4.265342471,117.1877258,109.904573,124.4708786,65.94705791,168.4283937,-39.5877258,0.003887209
1,0,1,2222,0,0,1,0,0,0,0,1,0,0,12,0,1,225.33,4,3,2,1,15.01099597,6.085174064,151.840926,145.9096893,157.7721627,100.7748776,202.9069744,73.48907401,0.008759453
1,0,1,2184,0,0,1,0,0,0,0,1,0,0,18,0,1,141.525,4,3,2,1,11.89642804,5.211279755,145.8828196,139.9736266,151.7920126,94.81932681,196.9463123,-4.357819565,3.05666E-05
1,1,0,1223,1,0,0,0,0,0,1,0,0,0,49,0,1,85.47,3,1,1,1,9.244998648,4.404918742,75.97996126,69.02978347,82.93013906,24.78556018,127.1743624,9.490038736,0.000202663
1,0,1,1962,0,0,1,0,0,0,0,1,0,0,7,0,1,124.32,4,3,2,1,11.14988789,4.990916843,132.5373215,126.327692,138.7469509,81.43819008,183.6364529,-8.217321466,0.000120362
1,1,0,1339,0,1,0,0,0,0,1,0,0,0,35,0,1,98.79,3,2,1,1,9.939315872,4.622791739,81.12373678,77.07765821,85.16981536,30.24218332,132.0052902,17.66626322,0.000232105
1,1,0,1157,0,1,0,0,0,0,1,0,0,0,15,0,1,77.7,3,2,1,1,8.814760348,4.267173876,75.30088021,71.37099399,79.23076643,24.42843446,126.173326,2.399119792,4.04E-06
1,1,0,1441,0,1,0,0,0,0,1,0,0,0,2,0,1,62.16,3,2,1,1,7.884161338,3.961293323,104.9901787,100.9368306,109.0435267,54.10804664,155.8723107,-42.83017869,0.001369221
1,1,0,1010,1,0,0,0,0,0,1,0,0,0,22,0,1,63.27,3,1,1,1,7.95424415,3.984733474,70.8399721,63.78264111,77.89730308,19.6309138,122.0490304,-7.569972096,0.000133117
1,1,0,1540,0,1,0,0,0,0,1,0,0,0,7,0,1,83.583,3,2,1,1,9.142373871,4.372260053,110.8974646,107.0352238,114.7597053,60.0301997,161.7647294,-27.31446456,0.000505006
1,1,0,1621,0,1,0,0,0,0,1,0,0,0,19,0,1,111.1776,3,2,1,1,10.54407891,4.808457312,112.0447426,108.4273951,115.66209,61.1954856,162.8939995,-0.867142563,4.46E-07
1,1,0,1567,0,1,0,0,0,0,1,0,0,0,31,0,1,93.129,3,2,1,1,9.650336782,4.532748747,101.9590826,98.24841465,105.6697505,51.10310172,152.8150634,-8.830082564,4.86717E-05
1,1,0,1682,0,1,0,0,0,0,0,1,0,0,22,0,1,122.1,4,2,1,1,11.04988688,4.961030396,104.9243255,98.12179862,111.7268523,53.74976048,156.0988905,17.17567452,0.000634915
1,1,0,1373,0,1,0,0,0,0,1,0,0,0,44,0,1,96.57,3,2,1,1,9.827003613,4.587901414,79.75840942,75.03855041,84.47826843,28.81884916,130.6979697,16.81159058,0.00028735
1,1,0,1518,0,1,0,0,0,0,1,0,0,0,15,0,1,117.549,3,2,1,1,10.84200166,4.898611296,105.3385885,101.8778242,108.7993528,54.50023073,156.1769463,12.2104115,8.08424E-05
1,1,0,1671,0,1,0,0,0,0,1,0,0,0,18,0,1,116.55,3,2,1,1,10.79583253,4.884694712,116.6711304,112.8743398,120.467921,65.80879313,167.5334676,-0.121130372,9.59E-09
1,0,1,1489,0,0,1,0,0,0,1,0,0,0,6,0,1,77.7,3,3,2,1,8.814760348,4.267173876,104.4443951,95.88205709,113.0067331,53.00632201,155.8824682,-26.7443951,0.002491978
1,1,0,1479,0,1,0,0,0,0,1,0,0,0,12,0,1,94.35,3,2,1,1,9.713392816,4.55247219,103.4916387,99.98365164,106.9996258,52.65004449,154.333233,-9.14163872,4.65704E-05
1,1,0,1380,0,1,0,0,0,0,1,0,0,0,18,0,1,124.32,3,2,1,1,11.14988789,4.990916843,92.45790845,89.09670156,95.81911534,41.6262309,143.289586,31.86209155,0.000518971
1,1,0,969,0,1,0,0,0,0,1,0,0,0,19,0,1,70.56825,3,2,1,1,8.400491057,4.13240726,57.79381235,52.94400749,62.64361722,6.842047532,108.7455772,12.77443765,0.000175344
1,1,0,1077,0,1,0,0,0,0,1,0,0,0,12,0,1,86.58,3,2,1,1,9.304837452,4.423905695,70.04244555,65.74902568,74.33586543,19.14062648,120.9442646,16.53755445,0.000229391
1,0,1,1997,0,0,1,0,0,0,0,1,0,0,19,0,1,142.08,4,3,2,1,11.91973154,5.218083,129.8570799,123.7333755,135.9807842,78.768319,180.9458407,12.22292014,0.00025877
1,1,0,1705,0,1,0,0,0,0,1,0,0,0,30,0,1,144.3,3,2,1,1,12.0124935,5.245120182,113.9076818,109.9049969,117.9103667,63.02956061,164.785803,30.39231819,0.000672106
1,1,0,1460,0,1,0,0,0,0,1,0,0,0,42,0,1,97.125,3,2,1,1,9.855201672,4.596673714,87.92949471,83.49665266,92.36233677,37.01572624,138.8432632,9.195505288,7.56758E-05
1,1,0,1007,1,0,0,0,0,1,0,0,0,0,47,0,1,80.475,2,1,1,1,8.970785919,4.317380528,73.37032751,66.35753645,80.38311858,22.16738844,124.5732666,7.104672487,0.000115722
1,1,0,2129,0,0,1,0,0,0,0,1,0,0,18,0,1,116.55,4,3,1,1,10.79583253,4.884694712,143.834591,134.3374965,153.3316856,92.23268664,195.4364954,-27.28459102,0.003234426
1,1,0,1283,0,1,0,0,0,0,1,0,0,0,4,0,1,68.82,3,2,1,1,8.295782061,4.097996245,90.91140008,86.95028416,94.87251599,40.03653231,141.7862678,-22.09140008,0.000347678
1,0,1,2165,0,0,1,0,0,0,1,0,0,0,18,0,1,174.27,3,3,2,1,13.20113632,5.585656319,155.0998073,147.0336747,163.1659399,103.7420014,206.4576132,19.17019273,0.001128794
1,0,1,1780,0,0,1,0,0,0,1,0,0,0,2,0,1,167.61,3,3,2,1,12.94642808,5.513575281,130.5217786,122.4062097,138.6373475,79.15618518,181.8873721,37.08822138,0.004279748
1,1,0,1684,0,1,0,0,0,0,1,0,0,0,21,0,1,140.415,3,2,1,1,11.84968354,5.197619719,116.3546995,112.547867,120.161532,65.49161166,167.2177873,24.0603005,0.000380555
1,0,1,1998,0,0,1,0,0,0,0,1,0,0,20,0,1,137.64,4,3,2,1,11.7320075,5.163151731,129.4742464,123.3363641,135.6121287,78.38378418,180.5647086,8.165753596,0.000116045
1,0,1,2535,0,0,1,0,0,0,0,1,0,0,7,0,1,155.4,4,3,2,1,12.46595363,5.37630219,180.2149028,173.5869052,186.8429003,129.0632451,231.3665604,-24.81490277,0.001255832
1,1,0,803,1,0,0,0,0,1,0,0,0,0,2,0,1,57.72,2,1,1,1,7.597367965,3.864637593,77.36792807,68.41683521,86.31902094,25.86371665,128.8721395,-19.64792807,0.001477914
1,1,0,2054,0,1,0,0,0,0,0,0,1,0,21,0,1,134.865,5,2,1,1,11.61313911,5.128217294,101.9928446,88.43807463,115.5476146,49.49243014,154.4932591,32.87215538,0.010327208
1,1,0,1439,0,1,0,0,0,0,1,0,0,0,17,0,1,101.343,3,2,1,1,10.06692605,4.662275348,97.83315879,94.48375379,101.1825638,47.00226027,148.6640573,3.509841206,6.25E-06
1,1,0,1313,0,1,0,0,0,0,1,0,0,0,52,0,1,76.035,3,2,1,1,8.719805044,4.236473721,71.03766933,65.40483739,76.67050127,20.00541946,122.0699192,4.997330668,3.64326E-05
1,1,0,811,1,0,0,0,0,1,0,0,0,0,25,0,1,58.164,2,1,1,1,7.626532633,3.87452162,67.31465447,59.7907549,74.83855403,16.03921399,118.5900949,-9.150654465,0.000222279
1,0,1,2018,0,0,1,0,0,0,0,1,0,0,20,0,1,162.06,4,3,2,1,12.73027887,5.452034703,131.1383854,125.0382966,137.2384741,80.05244979,182.2243209,30.92161463,0.001642984
1,1,0,1710,0,1,0,0,0,0,1,0,0,0,46,0,1,113.1645,3,2,1,1,10.63788043,4.836932977,106.8670702,101.9007276,111.8334127,55.90408075,157.8300596,6.297429843,4.47249E-05
1,1,0,1131,0,1,0,0,0,0,1,0,0,0,19,0,1,82.695,3,2,1,1,9.093679123,4.356721015,71.27333796,67.22446001,75.3222159,20.39156181,122.1551141,11.42166204,9.71542E-05
1,1,0,1690,0,1,0,0,0,0,1,0,0,0,19,0,1,122.0445,3,2,1,1,11.04737525,4.960278611,117.786022,113.9360081,121.6360359,66.91968402,168.65236,4.258478013,1.21965E-05
1,1,0,2226,0,1,0,0,0,0,1,0,0,0,23,0,1,159.5625,3,2,1,1,12.6318051,5.423882559,160.5207846,153.7512349,167.2903344,109.3505928,211.6909765,-0.958284611,1.96E-06
1,1,0,1351,0,1,0,0,0,0,0,1,0,0,15,0,1,105.45,4,2,1,1,10.26888504,4.724423938,80.64510843,73.3721347,87.91808217,29.40588637,131.8843305,24.80489157,0.001521688
1,1,0,1491,0,1,0,0,0,0,1,0,0,0,33,0,1,98.235,3,2,1,1,9.911357122,4.614118563,94.7032737,90.94493629,98.46161111,43.84379247,145.5627549,3.531726297,7.99E-06
1,0,1,1818,0,0,1,0,0,0,0,1,0,0,9,0,1,135.42,4,3,2,1,11.63700993,5.135242258,119.6234401,113.0775335,126.1693467,68.48235465,170.7645256,15.79655987,0.000495947
1,1,0,963,1,0,0,0,0,0,1,0,0,0,20,0,1,74.3145,3,1,1,1,8.620585827,4.204275691,67.86132633,60.71785827,75.0047944,16.64032608,119.0823266,6.453173669,9.92084E-05
1,1,0,1650,0,1,0,0,0,0,1,0,0,0,42,0,1,119.88,3,2,1,1,10.94897256,4.930779459,103.7388149,99.20404516,108.2735846,52.81607076,154.661559,16.14118513,0.000244193
1,0,1,2704,0,0,1,0,0,0,0,0,1,0,9,0,1,159.84,5,3,2,1,12.6427845,5.427025018,158.9942902,146.9370944,171.0514861,106.8604461,211.1281344,0.845709765,5.24E-06
1,1,0,966,1,0,0,0,0,1,0,0,0,0,44,0,1,85.47,2,1,1,1,9.244998648,4.404918742,71.35696384,64.34445926,78.36946841,20.154064,122.5598637,14.11303616,0.000456596
1,1,0,1551,0,1,0,0,0,0,1,0,0,0,68,0,1,133.2,3,2,1,1,11.54123044,5.107026072,83.3842766,76.29611651,90.4724367,32.17096052,134.5975927,49.8157234,0.005817178
1,0,1,2559,0,0,1,0,0,0,0,0,1,0,4,0,1,160.395,5,3,2,1,12.66471476,5.433299041,149.2594848,137.2567909,161.2621786,97.13821855,201.3807509,11.13551525,0.000899116
1,0,1,2891,0,0,0,1,0,0,0,1,0,0,5,0,1,324.6195,4,4,2,1,18.01720012,6.87266014,269.9408487,251.8763776,288.0053197,216.099537,323.7821603,54.67865134,0.057396814
1,1,0,1342,0,1,0,0,0,0,0,1,0,0,49,0,1,102.675,4,2,1,1,10.13286731,4.682612684,64.05087231,55.55101084,72.55073377,12.62316211,115.4785825,38.62412769,0.00511758
1,1,0,1122,1,0,0,0,0,0,1,0,0,0,48,0,1,63.27,3,1,1,1,7.95424415,3.984733474,68.0420999,61.17684227,74.90735753,16.85915847,119.2250413,-4.772099898,4.99545E-05
1,0,1,1577,0,1,0,0,0,0,0,1,0,0,7,0,1,120.99,4,2,2,1,10.99954545,4.945951184,100.6500483,90.53648858,110.7636081,48.93113667,152.36896,20.33995169,0.002058397
