Price	sqft	beds	bath	age	stories	vacant	sqrt_Price	tr2_Price	sqrt_sqft	p_	lclm_	uclm_	lcl_	ucl_	cookd_	R_
163	2727	5	3	8	2	0	12.76714534	5.462555571	52.22068556	199.8357604	194.0215698	205.6499511	141.1491666	258.5223543	0.007761922	-36.83576044
88	1069	3	2	5	1	0	9.38083152	4.447960181	32.69556545	70.79231514	67.21029379	74.37433649	12.28468864	129.2999416	0.000635	17.20768486
165	2846	4	3	56	2	0	12.84523258	5.484806552	53.34791467	209.0976241	202.7710899	215.4241583	150.358059	267.8371893	0.013219504	-44.09762413
150	1790	4	3	36	2	0	12.24744871	5.313292846	42.3083916	126.9083128	124.283675	129.5329505	68.45148934	185.3651362	0.000611794	23.09168724
159.95	2200	4	2	28	1	0	12.64713406	5.428269671	46.9041576	158.8189356	155.0975468	162.5403243	100.3026112	217.3352599	2.96E-06	1.13106445
110	1122	2	1	60	1	0	10.48808848	4.791419857	33.49626845	74.91734687	71.51078043	78.3239133	16.42020013	133.4144936	0.002385492	35.08265314
157	2700	4	3	68	2	0	12.52996409	5.394690712	51.96152423	197.7343292	192.0350841	203.4335743	139.0590118	256.4096466	0.009113116	-40.73432919
160.5	2581	3	2	85	2	0	12.66885946	5.434484389	50.80354318	188.4724655	183.2728572	193.6720738	129.8435698	247.1013612	0.003565453	-27.9724655
220	2048	3	2	17	1	0	14.83239697	6.036810737	45.254834	146.9886559	143.7646733	150.2126384	88.50185784	205.4754539	0.009247322	73.01134412
88	1458	3	2	17	1	0	9.38083152	4.447960181	38.18376618	101.0684914	98.47130326	103.6656795	42.61289399	159.5240888	0.000191856	-13.06849139
125	1712	3	2	10	1	0	11.18033989	5	41.37632173	120.8375114	118.3050595	123.3699632	62.38475442	179.2902683	1.85021E-05	4.16248864
85.5	1059	3	2	14	1	0	9.246621005	4.405434058	32.54228019	70.01400727	66.3978935	73.63012104	11.50428363	128.5237309	0.000524201	15.48599273
99.95	1197	3	1	48	1	0	9.997499687	4.640815107	34.59768778	80.75465591	77.57919113	83.93012069	22.27051226	139.2387996	0.000619979	19.19534409
91	1600	2	2	29	1	0	9.539392014	4.497941445	40	112.1204632	109.6294519	114.6114745	53.66948698	170.5714394	0.000460828	-21.12046318
94.5	1254	3	1	42	1	0	9.721111048	4.554883458	35.41186242	85.19101079	82.17517186	88.20684971	26.71531698	143.6667046	0.000131444	9.308989215
94	1224	3	1	40	1	0	9.695359715	4.546835944	34.98571137	82.85608717	79.75812362	85.95405071	24.37610034	141.336074	0.000198827	11.14391283
125	1806	3	2	8	1	0	11.18033989	5	42.49705872	128.1536054	125.5041191	130.8030916	69.695661	186.6115497	1.16286E-05	-3.15360536
225	1614	3	2	14	1	0	15	6.082201996	40.17461885	113.2100942	110.7200001	115.7001883	54.75915708	171.6610313	0.01290078	111.7899058
116.5	1800	4	2	17	1	0	10.79351657	4.8839961	42.42640687	127.6866206	125.0466785	130.3265627	69.22910807	186.1441332	0.000145265	-11.18662064
173	1756	3	2	12	1	0	13.15294644	5.572054656	41.90465368	124.262066	121.6836677	126.8404643	65.80730042	182.7168316	0.00262983	48.737934
86	1500	3	2	69	1	0	9.273618496	4.414004962	38.72983346	104.3373845	101.789454	106.8853149	45.88395486	162.7908141	0.000363499	-18.33738445
95	1840	4	2	15	1	0	9.746794345	4.562902635	42.89522118	130.7998521	128.0913155	133.5083888	72.33920167	189.2605026	0.001566394	-35.79985213
69	921	2	1	44	1	0	8.306623863	4.10156593	30.34798181	59.27335862	55.1601841	63.38653315	0.730812672	117.8159046	0.000268163	9.726641378
113	2858	4	2	69	2	0	10.63014581	4.834588127	53.46026562	210.0315936	203.6529312	216.410256	151.2863911	268.7767961	0.065089258	-97.03159357
78	1284	3	2	22	1	0	8.831760866	4.272658682	35.83294573	87.5259344	84.58768252	90.46418629	29.05419075	145.9976781	0.000130615	-9.525934403
205	2666	3	3	15	1	0	14.31782106	5.89636854	51.63332257	195.0880824	189.5328047	200.6433601	136.4265738	253.749591	0.000512179	9.91191758
105	1530	2	2	52	1	0	10.24695077	4.71769398	39.11521443	106.6723081	104.1505857	109.1940304	48.220015	165.1246011	2.96E-06	-1.67230807
115	1514	4	2	12	1	0	10.7238053	4.862944131	38.91015292	105.4270155	102.8922668	107.9617642	46.97415898	163.879872	9.80395E-05	9.57298452
164	2450	4	3	6	2	0	12.80624848	5.473703675	49.49747468	178.2766324	173.6106339	182.9426309	119.6926497	236.860615	0.000745594	-14.27663237
148.5	2263	4	3	17	1	0	12.18605761	5.295522503	47.57099957	163.7222752	159.7747939	167.6697564	105.1911374	222.2534129	0.000604471	-15.22227515
100	1158	3	1	47	1	0	10	4.641588834	34.02939905	77.71925521	74.42634555	81.01216486	19.22861719	136.2098932	0.000898636	22.28074479
96.5	980	2	1	50	1	0	9.823441352	4.586792613	31.30495169	63.86537507	59.970286	67.76046414	5.337747403	122.3930027	0.002704353	32.63462493
175	1989	3	3	32	1	0	13.22875656	5.59344471	44.59820624	142.3966394	139.3420244	145.4512545	83.91893296	200.8743459	0.001654307	32.60336057
159	2440	4	3	5	2	0	12.60952021	5.417501515	49.39635614	177.4983245	172.8721902	182.1244588	118.9175034	236.0791456	0.001230178	-18.49832449
79	1321	3	2	11	1	0	8.888194417	4.290840427	36.34556369	90.40567353	87.55631469	93.25503238	31.93832942	148.8730176	0.000176037	-11.40567353
169.5	2315	3	2	42	1	0	13.01921657	5.534221886	48.1144469	167.7694761	163.6285734	171.9103787	109.2249754	226.3139767	8.60E-06	1.73052392
216	2221	3	3	13	1	0	14.69693846	6	47.12748667	160.4533821	156.6577232	164.249041	101.9322875	218.9744766	0.007436445	55.54661792
147	2356	4	3	4	2	0	12.12435565	5.277632088	48.5386444	170.9605384	166.6633751	175.2577017	112.4047778	229.5162989	0.001777753	-23.96053836
122	1750	3	2	14	1	0	11.04536102	4.959675664	41.83300133	123.7950813	121.2238885	126.3662741	65.34063308	182.2495295	3.55E-06	-1.79508127
65	1392	2	1	80	1	0	8.062257748	4.020725759	37.30951621	95.93165943	93.22933226	98.6339866	37.47129633	154.3920225	0.001163973	-30.93165943
69	1092	2	1	95	1	0	8.306623863	4.10156593	33.04542328	72.58242325	69.07765853	76.08718796	14.07947582	131.0853707	2.63393E-05	-3.582423246
104	1342	3	2	36	1	0	10.19803903	4.702669375	36.63331817	92.04012007	89.2376209	94.84261924	33.57504089	150.5051992	0.000187217	11.95987994
145	2641	5	3	5	2	0	12.04159458	5.253587873	51.39066063	193.1423127	187.6923025	198.592323	134.4906794	251.7939461	0.01162105	-48.14231274
86.5	1668	3	2	34	1	0	9.300537619	4.422542711	40.84115571	117.4129567	114.9099948	119.9159187	58.96146999	175.8644434	0.000996748	-30.91295672
114	1698	3	2	15	1	0	10.67707825	4.848807586	41.20679556	119.7478803	117.2266307	122.26913	61.29560766	178.200153	3.49676E-05	-5.74788034
181.5	1960	3	3	16	2	0	13.47219359	5.661856741	44.27188724	140.1395466	137.1621501	143.1169431	81.66582283	198.6132704	0.002528735	41.3604534
125.5	1720	3	2	20	1	0	11.20267825	5.006657798	41.47288271	121.4601577	118.9205541	123.9997613	63.00709043	179.9132249	1.75268E-05	4.03984234
170	2706	5	3	6	2	0	13.03840481	5.539658257	52.01922722	198.2013139	192.4765713	203.9260566	139.5235144	256.8791135	0.00440795	-28.20131391
82	1140	3	2	14	1	0	9.055385138	4.344481486	33.76388603	76.31830104	72.96915929	79.66744278	17.82447032	134.8121318	6.04622E-05	5.681698964
91	1384	3	2	33	1	0	9.539392014	4.497941445	37.20215048	95.30901313	92.59178858	98.02623769	36.84795951	153.7700668	2.28396E-05	-4.309013131
92.4	1280	4	2	24	1	0	9.612491873	4.520890523	35.77708764	87.21461125	84.26628969	90.16293282	28.74236073	145.6868618	3.89698E-05	5.185388746
119	2017	4	2	23	1	0	10.90871212	4.918684735	44.91102315	144.5759015	141.4428551	147.7089479	86.09404565	203.0577573	0.001071267	-25.57590148
72.5	1026	3	1	36	1	0	8.514693183	4.169775458	32.03123476	67.44559129	63.7149421	71.17624047	8.928677279	125.9625053	5.94648E-05	5.054408714
275	2402	4	3	8	1	0	16.58312395	6.502957234	49.01020302	174.5407546	170.0647991	179.0167101	115.9716018	233.1099074	0.033936541	100.4592454
143	2678	5	3	7	2	0	11.95826074	5.229321532	51.74939613	196.0220519	190.416065	201.6280388	137.3557194	254.6883844	0.014929912	-53.02205187
74	1376	3	2	5	1	0	8.602325267	4.198336454	37.09447398	94.68636683	91.95380387	97.4189298	36.22459828	153.1481354	0.000532367	-20.68636683
115	1330	2	1	46	1	0	10.7238053	4.862944131	36.46916506	91.10615062	88.27720503	93.93509621	32.63979778	149.5725035	0.000761484	23.89384938
240	3047	4	3	9	2	0	15.49193339	6.214465012	55.19963768	224.7416124	217.5328981	231.9503266	165.9004954	283.5827293	0.002069516	15.25838763
260	2242	4	3	5	2	0	16.1245155	6.382504299	47.34976241	162.0878286	158.2167842	165.958873	103.5617962	220.613861	0.024041041	97.91217139
119.95	1475	3	2	8	1	0	10.95216874	4.931738995	38.40572874	102.3916148	99.81608983	104.9671397	43.93697586	160.8462537	0.000340557	17.55838523
127	1803	3	2	6	1	0	11.26942767	5.026525695	42.46174749	127.920113	125.2754325	130.5647935	69.46238625	186.3778398	9.86E-07	-0.920113
103	1519	3	2	19	1	0	10.14889157	4.687548148	38.97435054	105.8161694	103.2857265	108.3466123	47.36349948	164.2688394	8.46E-06	-2.81616941
129.95	1479	3	2	9	1	0	11.3995614	5.065147475	38.45776905	102.7029379	100.1321724	105.2737034	44.24850852	161.1573673	0.000817048	27.24706208
220	2426	4	3	3	1	0	14.83239697	6.036810737	49.25444142	176.4086935	171.8381337	180.9792533	117.8322349	234.985152	0.006666135	43.59130653
127	1708	3	2	34	1	0	11.26942767	5.026525695	41.32795664	120.5261882	117.9971082	123.0552682	62.07357726	178.9787992	4.46349E-05	6.47381179
73.5	1062	3	1	40	1	0	8.5732141	4.188859364	32.58834147	70.24749963	66.64164467	73.85335459	11.73840912	128.7565901	2.29915E-05	3.252500372
208	2940	4	3	21	1	0	14.4222051	5.924992137	54.22176685	216.4137181	209.6768862	223.1505501	157.6285467	275.1988896	0.000547423	-8.41371813
139	1984	4	3	15	2	0	11.78982612	5.180101467	44.5421149	142.0074855	138.966484	145.048487	83.53048855	200.4844824	1.39507E-05	-3.0074855
157	2184	3	3	25	1	0	12.52996409	5.394690712	46.73328578	157.573643	153.9080506	161.2392354	99.06084051	216.0864454	7.39E-07	-0.57364295
59.3	954	3	2	12	1	0	7.700649323	3.899583563	30.88689042	61.8417746	57.85150815	65.83204106	3.307735719	120.3758135	1.72243E-05	-2.541774602
81.5	1040	3	2	4	1	0	9.027735043	4.33563323	32.24903099	68.53522231	64.85353417	72.21691045	10.02140933	127.0490353	0.000380962	12.96477769
74.95	1110	3	2	13	1	0	8.657366805	4.216225971	33.3166625	73.98337742	70.53789469	77.42886014	15.4839515	132.4828033	1.85E-06	0.966622583
78	1478	3	2	35	1	0	8.831760866	4.272658682	38.44476557	102.6251071	100.053164	105.1970503	44.17062593	161.0795883	0.000667981	-24.62510713
75	1100	3	1	40	1	0	8.660254038	4.217163327	33.1662479	73.20506955	69.72678405	76.68335504	14.70370245	131.7064366	6.51E-06	1.794930455
460	3582	4	4	2	2	0	21.44761059	7.719442629	59.84981203	266.3810836	256.7619894	276.0001778	207.1963013	325.5658659	0.607930956	193.6189164
60	1196	3	1	35	1	0	7.745966692	3.914867641	34.58323293	80.67682512	77.49842801	83.85522223	22.19252219	139.1611281	0.000720708	-20.67682512
295	3298	5	3	28	2	0	17.17556404	6.656930232	57.42821606	244.27714	235.9461176	252.6081624	185.2880103	303.2662696	0.030864721	50.72286002
73.5	1366	3	2	22	1	0	8.5732141	4.188859364	36.95943723	93.90805896	91.15571405	96.66040388	35.44536244	152.3707555	0.000525702	-20.40805896
428	3760	4	4	1	2	0	20.68816087	7.536122043	61.31883887	280.2349637	269.8017527	290.6681747	220.9124269	339.5575005	0.420682128	147.7650363
164	2392	4	2	66	2	0	12.80624848	5.473703675	48.90807704	173.7624467	169.3256508	178.1992427	115.1962735	232.3286199	0.000314835	-9.7624467
88	1458	3	2	16	1	0	9.38083152	4.447960181	38.18376618	101.0684914	98.47130326	103.6656795	42.61289399	159.5240888	0.000191856	-13.06849139
185	2175	3	2	11	1	0	13.60147051	5.698019215	46.63689527	156.8731659	153.2386452	160.5076866	98.36230173	215.38403	0.001747051	28.12683413
77	1154	3	2	15	1	0	8.774964387	4.254320865	33.9705755	77.40793206	74.10263259	80.71323153	18.91659521	135.8992689	3.04E-07	-0.407932057
107	1421	3	2	44	1	0	10.34408043	4.747459399	37.69615365	98.18875226	95.53661652	100.840888	39.73068776	156.6468168	9.09616E-05	8.81124774
60	1199	2	1	48	1	0	7.745966692	3.914867641	34.62657939	80.91031749	77.74070441	84.07993056	22.42649127	139.3941437	0.000732985	-20.91031749
84	1104	3	1	45	1	0	9.16515139	4.37951914	33.22649545	73.51639269	70.05126826	76.98151713	15.01580664	132.0169788	0.000220456	10.48360731
75	1040	3	2	6	1	0	8.660254038	4.217163327	32.24903099	68.53522231	64.85353417	72.21691045	10.02140933	127.0490353	9.47238E-05	6.464777692
72	965	2	2	88	1	0	8.485281374	4.160167646	31.06444913	62.69791326	58.74809997	66.64772656	4.166618157	121.2292084	0.000225993	9.302086738
155	1868	4	2	40	1	0	12.4498996	5.371685355	43.22036557	132.9791142	130.2158848	135.7423435	74.51590422	191.4423241	0.000616949	22.02088583
115	1910	4	2	19	1	0	10.7238053	4.862944131	43.70354677	136.2480072	133.3932066	139.1028078	77.78039767	194.7156168	0.000613288	-21.24800724
159	1885	4	2	1	1	0	12.60952021	5.417501515	43.41658669	134.3022376	131.5032752	137.1011999	75.83732781	192.7671473	0.000796353	24.69776244
82	1059	3	2	15	1	0	9.055385138	4.344481486	32.54228019	70.01400727	66.3978935	73.63012104	11.50428363	128.5237309	0.000314028	11.98599273
257.5	2148	4	3	8	1	0	16.04680654	6.361981635	46.34652091	154.7717346	151.2290052	158.3144641	96.26650054	213.2769687	0.022133853	102.7282654
67	1248	2	1	71	1	0	8.185352772	4.0615481	35.32704347	84.72402606	81.69211371	87.75593841	26.24750108	143.200551	0.000481616	-17.72402606
444	4278	6	4	11	1	0	21.07130751	7.628883626	65.4064217	320.5513115	307.7295448	333.3730782	260.7624398	380.3401832	0.458755646	123.4486885
89.25	1146	2	1	40	1	0	9.447221814	4.46892166	33.85262176	76.78528576	73.45502357	80.11554795	18.29253298	135.2780385	0.000287706	12.46471424
105	1666	3	2	14	1	0	10.24695077	4.71769398	40.81666326	117.2572951	114.7552719	119.7593184	58.80584861	175.7087417	0.000156591	-12.25729514
92	1126	3	1	41	1	0	9.591663047	4.514357436	33.55592347	75.22867001	71.83496461	78.62237542	16.73227083	133.7250692	0.000541029	16.77132999
119	1894	4	3	3	2	0	10.90871212	4.918684735	43.52011029	135.0027146	132.1840926	137.8213367	76.5368604	193.4685689	0.000339067	-16.00271464
124	1983	4	2	44	1	0	11.13552873	4.986630952	44.53088816	141.9296547	138.8913612	144.9679482	83.45279853	200.4065109	0.000494944	-17.92965471
70	1300	3	2	54	1	0	8.366600265	4.1212853	36.05551276	88.771227	85.87237283	91.67008117	30.30144987	147.2410041	0.000493605	-18.771227
76	1001	3	1	41	1	0	8.717797887	4.235823584	31.63858404	65.4998216	61.68045698	69.31918623	6.977184721	124.0224585	0.00026909	10.5001784
155	2163	4	3	16	2	0	12.4498996	5.371685355	46.50806382	155.9391964	152.3457408	159.5326521	97.43086876	214.4475241	1.90E-06	-0.93919642
300	1861	2	2	7	2	0	17.32050808	6.694329501	43.13930922	132.4342987	129.6852366	135.1833608	73.9717566	190.8968407	0.035356145	167.5657013
102	1635	4	3	4	2	0	10.09950494	4.672328728	40.43513324	114.8445407	112.3525329	117.3365486	56.39352206	173.2955594	0.000170576	-12.84454074
84	1452	3	2	62	1	0	9.16515139	4.37951914	38.10511777	100.6015067	97.99612517	103.2068882	42.14554466	159.0574687	0.000311578	-16.60150667
73	1200	3	2	10	1	0	8.544003745	4.179339196	34.64101615	80.98814827	77.82145455	84.154842	22.5044802	139.4718163	0.000106773	-7.988148272
107	2315	4	4	86	2	0	10.34408043	4.747459399	48.1144469	167.7694761	163.6285734	171.9103787	109.2249754	226.3139767	0.01061055	-60.76947608
222.5	2426	4	3	3	2	0	14.91643389	6.059591371	49.25444142	176.4086935	171.8381337	180.9792533	117.8322349	234.985152	0.007452678	46.09130653
282.5	2552	3	3	7	1	0	16.80773631	6.561545591	50.51732376	186.2153727	181.1355522	191.2951932	127.5969792	244.8337662	0.040290857	96.28462733
88	1440	3	2	12	1	0	9.38083152	4.447960181	37.94733192	99.66753722	97.04492746	102.290147	41.21080481	158.1242696	0.000155947	-11.66753722
75	1200	3	1	0	1	0	8.660254038	4.217163327	34.64101615	80.98814827	77.82145455	84.154842	22.5044802	139.4718163	6.00003E-05	-5.988148272
164	2125	4	2	21	1	0	12.80624848	5.473703675	46.09772229	152.9816265	149.5153078	156.4479452	94.48096969	211.4822833	0.000243689	11.0183735
145	1948	4	2	6	1	0	12.04159458	5.253587873	44.13615298	139.2055772	136.2588634	142.1522909	80.73340767	197.6777466	4.86082E-05	5.79442285
186	1672	2	2	13	1	0	13.6381817	5.708267473	40.8900966	117.7242799	115.2193346	120.2292251	59.27270818	176.1758516	0.004869981	68.27572013
106	1106	2	1	31	1	0	10.29563014	4.732623491	33.2565783	73.67205427	70.21349046	77.13061808	15.17185645	132.1722521	0.002088326	32.32794573
97.5	1460	3	1	47	1	0	9.874208829	4.602582041	38.20994635	101.224153	98.62963296	103.818673	42.76867405	159.6796319	1.55483E-05	-3.72415296
176	2250	4	3	8	2	0	13.26649916	5.604078661	47.4341649	162.7104749	158.8104323	166.6105175	104.1825174	221.2384325	0.000449613	13.28952509
59.6	1394	2	1	48	1	0	7.720103626	3.906148531	37.33630941	96.087321	93.38864841	98.7859936	37.62712672	154.5475153	0.00161525	-36.487321
155	1800	5	2	1	1	0	12.4498996	5.371685355	42.42640687	127.6866206	125.0466785	130.3265627	69.22910807	186.1441332	0.000865995	27.31337936
157.5	2456	4	3	6	2	0	12.5499004	5.400411491	49.55804677	178.7436171	174.0536345	183.4335997	120.1577193	237.3295149	0.001668086	-21.24361709
82.5	1180	3	2	28	1	0	9.082951062	4.353293846	34.35112808	79.43153253	76.20564053	82.65742452	20.9446292	137.9184359	1.63529E-05	3.068467473
115	1640	3	2	18	1	0	10.7238053	4.862944131	40.49691346	115.2336947	112.7406499	117.7267394	56.78263178	173.6847576	5.65E-08	-0.23369467
64.5	785	2	1	58	1	0	8.031189202	4.010389657	28.01785145	48.68837155	44.04775716	53.32898595	-9.893594816	107.2703379	0.000904493	15.81162845
67	990	2	2	70	1	0	8.185352772	4.0615481	31.46426545	64.64368294	60.78478559	68.5025803	6.118452741	123.1689132	1.38355E-05	2.356317056
84.95	1390	4	2	50	1	0	9.216832428	4.39596738	37.28270377	95.77599785	93.06998809	98.48200762	37.31546441	154.2365313	0.000142975	-10.82599785
145	1839	4	2	53	2	0	12.04159458	5.253587873	42.88356329	130.7220213	128.015339	133.4287037	72.26145676	189.1825859	0.000248814	14.27797866
89.95	1385	3	2	7	1	0	9.484197383	4.480574703	37.21558813	95.38684392	92.67150581	98.10218203	36.92587794	153.8478099	3.63095E-05	-5.436843918
100	1094	3	2	10	1	0	10	4.641588834	33.07567082	72.73808482	69.23995936	76.23621028	14.23553476	131.2406349	0.001519513	27.26191518
132.5	1420	3	2	33	1	0	11.51086443	5.098064112	37.68288736	98.11092147	95.45715681	100.7646861	39.65278304	156.5690599	0.001387267	34.38907853
106.2	1477	3	1	56	1	0	10.30533842	4.735598114	38.4317577	102.5472764	99.97414737	105.1204053	44.09274295	161.0018097	0.000014711	3.65272365
112	1519	3	2	20	1	0	10.58300524	4.820284528	38.97435054	105.8161694	103.2857265	108.3466123	47.36349948	164.2688394	4.07699E-05	6.18383059
161	1532	3	2	31	1	0	12.68857754	5.440121825	39.14077158	106.8279697	104.3077211	109.3482182	48.37574014	165.2801992	0.003103522	54.17203035
124	2224	4	3	15	2	0	11.13552873	4.986630952	47.15930449	160.6868744	156.8805129	164.493236	102.1650847	219.2086641	0.003262406	-36.68687444
103	1400	2	2	7	1	0	10.14889157	4.687548148	37.41657387	96.55430573	93.86642758	99.24218388	38.09460875	155.0140027	5.00034E-05	6.445694273
238	2500	3	5	47	2	0	15.42724862	6.197154435	50	182.1681717	177.3008779	187.0354655	123.5678131	240.7685304	0.012422023	55.83182827
70	1384	3	1	35	1	0	8.366600265	4.1212853	37.20215048	95.30901313	92.59178858	98.02623769	36.84795951	153.7700668	0.000787921	-25.30901313
264	2800	3	2	27	1	0	16.24807681	6.41506866	52.91502622	205.5174079	199.3899526	211.6448632	146.7989509	264.2358649	0.021778494	58.48259209
105.5	1560	3	2	37	1	0	10.27131929	4.725170529	39.49683532	109.0072317	106.5039636	111.5104998	50.55573186	167.4587315	1.28333E-05	-3.50723169
92.5	1200	3	2	21	1	0	9.617692031	4.522520848	34.64101615	80.98814827	77.82145455	84.154842	22.5044802	139.4718163	0.000221748	11.51185173
143.5	1900	4	3	39	1	0	11.97914855	5.235409222	43.58898944	135.4696994	132.6376924	138.3017063	77.00319831	193.9362004	8.61978E-05	8.03030064
113.95	1362	3	2	11	1	0	10.67473653	4.848098592	36.90528417	93.59673581	90.83629164	96.35717998	35.13365743	152.0598142	0.000525978	20.35326419
74.5	1249	3	2	16	1	0	8.631338251	4.20777095	35.34119409	84.80185685	81.77263588	87.83107781	26.32547135	143.2782424	0.000162417	-10.30185685
130	2030	4	3	17	2	0	11.40175425	5.065797019	45.0555213	145.5877017	142.417026	148.7583774	87.1038179	204.0715855	0.000407597	-15.58770171
143	2678	5	3	6	2	0	11.95826074	5.229321532	51.74939613	196.0220519	190.416065	201.6280388	137.3557194	254.6883844	0.014929912	-53.02205187
122	2034	4	3	17	1	0	11.04536102	4.959675664	45.09988914	145.8990249	142.7166222	149.0814275	87.4145041	204.3835456	0.000965278	-23.89902486
87	1195	3	2	18	1	0	9.327379053	4.431047622	34.56877204	80.59899434	77.41766059	83.78032809	22.11453173	139.0834569	6.91982E-05	6.401005664
139	1844	4	2	25	1	0	11.78982612	5.180101467	42.94182111	131.1111753	128.395152	133.8271986	72.65017747	189.5721731	7.64841E-05	7.88882472
114	1942	3	2	20	1	0	10.67707825	4.848807586	44.06812907	138.7385924	135.8069298	141.6702551	80.26717952	197.2100053	0.000876937	-24.73859243
128	2000	4	2	20	1	0	11.3137085	5.0396842	44.72135955	143.2527781	140.1677887	146.3377675	84.77347713	201.7320791	0.000369344	-15.25277809
68	1000	3	1	23	1	0	8.246211251	4.081655102	31.6227766	65.42199082	61.59904457	69.24493706	6.899120077	123.9448616	1.62515E-05	2.578009183
127	1660	3	2	0	2	0	11.26942767	5.026525695	40.74309758	116.7903104	114.2908915	119.2897294	58.33897531	175.2416455	0.000108416	10.20968958
133	1760	3	2	7	1	0	11.5325626	5.104468722	41.95235393	124.5733892	121.9900258	127.1567525	66.11840435	183.0283739	7.89181E-05	8.42661085
97	1489	3	2	17	1	0	9.848857802	4.594700892	38.58756276	103.4812458	100.9218078	106.0406838	45.02731347	161.9351781	4.58221E-05	-6.48124579
88	1102	3	1	41	1	0	9.38083152	4.447960181	33.19638535	73.36073112	69.88903276	76.83242948	14.85975531	131.8617069	0.000431516	14.63926888
86	1014	3	1	45	1	0	9.273618496	4.414004962	31.84336666	66.51162184	62.73858984	70.28465384	7.9919905	125.0312532	0.000904408	19.48837816
155	1800	3	2	74	2	0	12.4498996	5.371685355	42.42640687	127.6866206	125.0466785	130.3265627	69.22910807	186.1441332	0.000865995	27.31337936
112	1129	3	1	46	1	0	10.58300524	4.820284528	33.60059523	75.46216238	72.07806563	78.84625912	16.96631985	133.9580049	0.002553239	36.53783763
107	1678	3	3	6	2	0	10.34408043	4.747459399	40.9633983	118.1912646	115.6830807	120.6994485	59.73955402	176.6429752	0.000131184	-11.19126459
103	1653	4	2	0	1	0	10.14889157	4.687548148	40.6571027	116.2454949	113.7487114	118.7422784	57.79427243	174.6967174	0.00018209	-13.24549491
77	1350	3	2	28	1	0	8.774964387	4.254320865	36.74234614	92.66276636	89.87739721	95.44813552	34.1985058	151.1270269	0.000317161	-15.66276636
127.5	1970	4	2	5	1	0	11.29158979	5.033113548	44.38468204	140.9178545	137.9143118	143.9213972	82.44279355	199.3929154	0.000270853	-13.41785447
79.5	1190	3	2	16	1	0	8.91627725	4.299873802	34.49637662	80.2098404	77.01375928	83.40592152	21.72457374	138.6951071	8.59E-07	-0.709840399
121.25	1630	4	3	69	2	0	11.01135777	4.949491496	40.37325848	114.4553868	111.9641924	116.9465812	56.0044028	172.9063708	4.77008E-05	6.7946132
120	1900	3	2	19	1	0	10.95445115	4.932424149	43.58898944	135.4696994	132.6376924	138.3017063	77.00319831	193.9362004	0.000319887	-15.46969936
129	1478	3	2	15	1	0	11.35781669	5.052774347	38.44476557	102.6251071	100.053164	105.1970503	44.17062593	161.0795883	0.000766283	26.37489287
121	1912	4	2	20	1	0	11	4.946087443	43.72642222	136.4036688	133.5442377	139.2630999	77.93583297	194.8715047	0.000323364	-15.40366881
126.2	1850	3	2	13	1	0	11.23387734	5.015949071	43.01162634	131.57816	128.8507	134.30562	73.11662975	190.0396903	3.58492E-05	-5.37816
125	1657	3	2	8	1	0	11.18033989	5	40.70626487	116.5568181	114.0585818	119.0550543	58.1055335	175.0081026	7.40745E-05	8.44318194
103.5	1666	3	2	32	1	0	10.17349498	4.695120937	40.81666326	117.2572951	114.7552719	119.7593184	58.80584861	175.7087417	0.000197262	-13.75729514
117.5	1832	4	2	16	1	0	10.83974169	4.897930544	42.80186912	130.1772058	127.4833076	132.871104	71.71723175	188.6371799	0.000194294	-12.67720583
83	2000	4	2	72	2	0	9.110433579	4.362070672	44.72135955	143.2527781	140.1677887	146.3377675	84.77347713	201.7320791	0.005763516	-60.25277809
150	1753	3	2	19	1	0	12.24744871	5.313292846	41.86884283	124.0285736	121.4538146	126.6033327	65.57396846	182.4831788	0.000744652	25.97142636
165	1680	4	3	5	1	0	12.84523258	5.484806552	40.98780306	118.3469262	115.8375926	120.8562598	59.89516625	176.7986861	0.002281819	46.65307384
105.5	1671	3	2	10	1	0	10.27131929	4.725170529	40.87786687	117.6464491	115.1420129	120.1508853	59.19489921	176.097999	0.000154069	-12.14644908
210	3074	4	3	25	2	0	14.49137675	5.943921953	55.4436651	226.8430436	219.5145534	234.1715339	167.9871327	285.6989546	0.002608894	-16.84304363
112.5	1517	3	2	20	1	0	10.60660172	4.827446923	38.94868419	105.6605078	103.1283682	108.1926475	47.20776442	164.1132513	4.99409E-05	6.83949216
189	1685	2	2	16	1	0	13.74772709	5.738793548	41.0487515	118.7360801	116.2237192	121.248441	60.28419015	177.1879701	0.005188436	70.2639199
130.5	1487	3	2	15	1	0	11.42365966	5.072283322	38.56163897	103.3255842	100.7639464	105.8872221	44.87155553	161.7796129	0.000806914	27.17441578
89.8	1400	3	2	25	1	0	9.476286192	4.478082726	37.41657387	96.55430573	93.86642758	99.24218388	38.09460875	155.0140027	5.49062E-05	-6.754305727
95	1490	3	2	43	1	0	9.746794345	4.562902635	38.60051813	103.5590766	101.0007262	106.117427	45.10519187	162.0129613	7.98438E-05	-8.55907658
87.5	1450	3	2	30	1	0	9.354143467	4.439520009	38.07886553	100.4458451	97.8376698	103.0540204	41.9897585	158.9019317	0.000189875	-12.94584509
64	1050	3	1	56	1	0	8	4	32.40370349	69.31353018	65.66648301	72.96057736	10.8018866	127.8251738	0.000062783	-5.313530181
131	2226	4	3	14	2	0	11.44552314	5.078753078	47.18050445	160.842536	157.0290269	164.6560452	102.320281	219.3647911	0.002166863	-29.84253602
67.5	1115	3	1	53	1	0	8.215838363	4.071626425	33.39161571	74.37253135	70.94332386	77.80173885	15.87406175	132.871001	9.27726E-05	-6.872531354
82.25	1031	3	1	41	1	0	9.069178574	4.34889213	32.10918872	67.83474522	64.12164312	71.54784732	9.31894728	126.3505432	0.00047911	14.41525478
117.5	1655	2	2	40	1	0	10.83974169	4.897930544	40.68169121	116.4011565	113.9036643	118.8986486	57.94990373	174.8524092	1.25E-06	1.09884352
92	1227	3	2	6	1	0	9.591663047	4.514357436	35.02855978	83.08957953	80.00002248	86.17913658	24.61003743	141.5691216	0.000126422	8.910420472
120	1700	2	1	57	1	0	10.95445115	4.932424149	41.23105626	119.9035419	117.380795	122.4262889	61.45120463	178.3558792	9.86E-09	0.09645809
112	1866	4	2	18	1	0	10.58300524	4.820284528	43.19722213	132.8234526	130.064304	135.5826012	74.36043538	191.2864698	0.000550041	-20.8234526
158.5	1676	3	2	40	1	0	12.58967831	5.411816829	40.93897898	118.035603	115.5285338	120.5426722	59.58394027	176.4872658	0.001713483	40.46439698
121	1755	3	2	11	1	0	11	4.946087443	41.89272013	124.1842352	121.6070581	126.7614123	65.72952348	182.6389469	1.12148E-05	-3.18423521
81	1249	3	2	16	1	0	9	4.326748711	35.34119409	84.80185685	81.77263588	87.83107781	26.32547135	143.2782424	2.21204E-05	-3.801856849
60	1128	3	1	75	1	0	7.745966692	3.914867641	33.58571125	75.38433159	71.99703551	78.77162766	16.88830389	133.8803593	0.000453513	-15.38433159
82	999	3	1	15	1	0	9.055385138	4.344481486	31.60696126	65.34416003	61.5176297	69.17069036	6.821055054	123.867265	0.000679641	16.65583997
89.5	1700	3	3	20	2	0	9.460443964	4.473090433	41.23105626	119.9035419	117.380795	122.4262889	61.45120463	178.3558792	0.000979528	-30.40354191
77.5	1100	2	1	60	1	0	8.803408431	4.263509492	33.1662479	73.20506955	69.72678405	76.68335504	14.70370245	131.7064366	3.72845E-05	4.294930455
88.5	1302	3	1	42	1	0	9.407443861	4.456368444	36.08323711	88.92688857	86.03285816	91.82091899	30.45735041	147.3964267	2.54E-07	-0.426888574
75	1064	3	2	22	1	0	8.660254038	4.217163327	32.61901286	70.4031612	66.80413071	74.00219169	11.89449089	128.9118315	4.57503E-05	4.596838797
105	1650	3	2	27	1	0	10.24695077	4.71769398	40.62019202	116.0120026	113.5162153	118.5077898	57.56082261	174.4631825	0.000125758	-11.01200255
145	2678	5	3	6	2	1	12.04159458	5.253587873	51.74939613	196.0220519	190.416065	201.6280388	137.3557194	254.6883844	0.013824837	-51.02205187
360	3792	6	5	3	2	1	18.97366596	7.113786609	61.57921727	282.7255489	272.1455423	293.3055555	223.3770188	342.074079	0.118530571	77.27445111
178.5	3000	3	3	40	1	1	13.36038922	5.63048847	54.77225575	221.0835654	214.0826999	228.0844308	162.2675506	279.8995802	0.015176087	-42.58356537
134	2240	3	2	0	1	1	11.5758369	5.117229947	47.32863827	161.932167	158.0683485	165.7959856	103.4066122	220.4577219	0.00194918	-27.93216704
85	1216	3	2	11	1	1	9.219544457	4.396829672	34.87119155	82.23344087	79.11285633	85.35402541	23.75225133	140.7146304	1.24347E-05	2.766559132
104.5	1679	3	2	45	1	1	10.22252415	4.710193659	40.9756025	118.2690954	115.760341	120.7778497	59.81736033	176.7208304	0.000198669	-13.76909538
100	1650	3	2	20	1	1	10	4.641588834	40.62019202	116.0120026	113.5162153	118.5077898	57.56082261	174.4631825	0.000265884	-16.01200255
92.5	1163	2	1	71	1	1	9.617692031	4.522520848	34.10278581	78.10840914	74.83089956	81.38591873	19.6186361	136.5981822	0.000371402	14.39159086
119.5	2010	3	2	96	2	1	10.93160556	4.925564023	44.83302354	144.031086	140.9179886	147.1441834	85.55029547	202.5118765	0.000972948	-24.53108597
50.005	917	2	1	45	1	1	7.071421356	3.684154296	30.28200786	58.96203547	54.83381198	63.09025896	0.418430265	117.5056407	0.000229089	-8.957035473
89.9	1064	3	2	0	1	1	9.481561053	4.479744352	32.61901286	70.4031612	66.80413071	74.00219169	11.89449089	128.9118315	0.000823007	19.4968388
129	2041	4	3	6	2	1	11.35781669	5.052774347	45.17742799	146.4438404	143.2407508	149.6469299	87.9581903	204.9294904	0.000521	-17.44384037
106	1684	3	2	14	1	1	10.29563014	4.732623491	41.03656906	118.6582493	116.1465114	121.1699873	60.20638613	177.1101125	0.000168307	-12.65824931
129	2350	4	3	5	2	1	11.35781669	5.052774347	48.47679857	170.4935536	166.2194487	174.7676586	111.9394807	229.0476266	0.005273701	-41.49355364
111.999	1440	3	2	0	1	1	10.582958	4.820270182	37.94733192	99.66753722	97.04492746	102.290147	41.21080481	158.1242696	0.0001742	12.33146278
81.2	1120	3	2	1	1	1	9.011104261	4.330306894	33.46640106	74.76168529	71.34866732	78.17470326	16.26416249	133.2592081	8.06477E-05	6.43831471
61	1108	3	2	45	1	1	7.810249676	3.936497183	33.28663395	73.82771584	70.3756993	77.27973239	15.32790473	132.327527	0.000327554	-12.82771584
130	1583	3	2	6	1	1	11.40175425	5.065797019	39.78693253	110.7973398	108.3028588	113.2918208	52.34621563	169.248464	0.000382004	19.2026602
89.7	1224	3	2	34	1	1	9.471008394	4.476419865	34.98571137	82.85608717	79.75812362	85.95405071	24.37610034	141.336074	7.49908E-05	6.843912833
132	2208	4	3	5	2	1	11.48912529	5.09164337	46.9893605	159.4415819	155.6920355	163.1911282	100.92346	217.9597037	0.001770772	-27.44158185
67.565	1424	2	1	30	1	1	8.219793185	4.072932947	37.73592453	98.42224462	95.77495111	101.0695381	39.9643996	156.8800896	0.001111486	-30.85724462
79.9	1064	3	2	0	1	1	8.938679992	4.307073269	32.61901286	70.4031612	66.80413071	74.00219169	11.89449089	128.9118315	0.000195269	9.496838797
89.9	1227	3	2	6	1	1	9.481561053	4.479744352	35.02855978	83.08957953	80.00002248	86.17913658	24.61003743	141.5691216	7.38539E-05	6.810420472
146	1802	3	3	11	2	1	12.08304597	5.265637428	42.44997055	127.8422822	125.1991887	130.4853758	69.38462724	186.2999372	0.000383643	18.15771779
55	1097	3	2	15	1	1	7.416198487	3.802952461	33.12099032	72.97157718	69.48338636	76.459768	14.46962032	131.4735341	0.000656562	-17.97157718
139.95	1986	3	2	53	1	1	11.83004649	5.191875874	44.56455991	142.1631471	139.1167148	145.2095793	83.68586746	200.6404267	7.58E-06	-2.21314707
79.9	1515	3	2	11	1	1	8.938679992	4.307073269	38.92300091	105.5048463	102.9709757	108.0387168	47.05202784	163.9576647	0.000700888	-25.60484626
69	1204	3	2	25	1	1	8.306623863	4.10156593	34.69870315	81.29947142	78.14441142	84.45453142	22.81643213	139.7825107	0.000251261	-12.29947142
135	2124	3	2	16	1	1	11.61895004	5.12992784	46.08687449	152.9037957	149.4407602	156.3668312	94.40333335	211.4042581	0.000642189	-17.90379571
93	1512	3	2	48	1	1	9.643650761	4.530654896	38.88444419	105.2713539	102.7348234	107.8078844	46.81842011	163.7242877	0.000161326	-12.2713539
75.3	988	3	1	40	1	1	8.67755726	4.22277873	31.43246729	64.48802137	60.62190471	68.35413803	5.962314713	123.013728	0.000292398	10.81197863
75.5	1536	3	2	21	1	1	8.689073599	4.226514052	39.19183589	107.1392928	104.6218881	109.6566975	48.68718584	165.5913998	0.001056267	-31.6392928
93	1042	3	2	1	1	1	9.643650761	4.530654896	32.28002478	68.69088388	65.01614635	72.36562141	10.17750783	127.2042599	0.001334245	24.30911612
60.5	868	2	1	50	1	1	7.778174593	3.925712205	29.46183973	55.1483269	50.8333028	59.463351	-3.408747096	113.7054009	8.94333E-05	5.351673103
73.501	1325	2	2	55	2	1	8.573272421	4.188878361	36.40054945	90.71699668	87.87677078	93.55722258	32.25009695	149.1838964	0.000398498	-17.21599668
80	1137	3	2	10	1	1	8.94427191	4.30886938	33.7194306	76.08480867	72.72617733	79.44344001	17.59043385	134.5791835	0.000028874	3.915191326
124.9	1973	4	3	6	2	1	11.17586686	4.998666311	44.41846463	141.1513468	138.1398602	144.1628335	82.67587734	199.6268163	0.000399441	-16.25134684
78	1257	3	2	12	1	1	8.831760866	4.272658682	35.4541958	85.42450315	82.41663307	88.43237322	26.94921979	143.8997865	8.31685E-05	-7.424503147
66	1052	2	1	50	1	1	8.124038405	4.041240021	32.43454948	69.46919176	65.82903883	73.10934468	10.95797749	127.980406	0.000026661	-3.469191755
125	2226	4	3	17	2	1	11.18033989	5	47.18050445	160.842536	157.0290269	164.6560452	102.320281	219.3647911	0.003125774	-35.84253602
69.65	1340	3	2	22	2	1	8.345657554	4.114405011	36.60601044	91.88445849	89.07761371	94.69130327	33.41917085	150.3497461	0.000649079	-22.23445849
95	1014	3	1	42	1	1	9.746794345	4.562902635	31.84336666	66.51162184	62.73858984	70.28465384	7.9919905	125.0312532	0.001932629	28.48837816
91	1500	3	2	35	1	1	9.539392014	4.497941445	38.72983346	104.3373845	101.789454	106.8853149	45.88395486	162.7908141	0.000192296	-13.33738445
98.95	1333	4	2	0	1	1	9.947361459	4.625286079	36.51027253	91.33964298	88.51739241	94.16189355	32.8736137	149.8056723	7.68831E-05	7.61035702
159.95	1920	4	3	0	1	1	12.64713406	5.428269671	43.8178046	137.0263151	134.1481267	139.9045035	78.55755892	195.4950713	0.000725635	22.92368489
179.95	2813	4	3	28	1	1	13.41454435	5.645693327	53.03772243	206.5292082	200.3456152	212.7128011	147.8048665	265.2535498	0.004583088	-26.57920815
124.5	2134	4	3	18	2	1	11.1579568	4.993324425	46.19523785	153.6821036	150.1860879	157.1781193	95.17967964	212.1845275	0.00173899	-29.18210359
116.25	1811	3	2	4	1	1	10.78192933	4.880500038	42.55584566	128.5427593	125.8851151	131.2004035	70.08444463	187.001074	0.000177784	-12.2927593
89	1719	4	2	25	1	1	9.433981132	4.464745096	41.46082488	121.3823269	118.8436469	123.9210069	62.92929976	179.835354	0.001125314	-32.38232687
75	1214	3	2	18	1	1	8.660254038	4.217163327	34.84250278	82.07777929	78.95149376	85.20406483	23.59628527	140.5592733	8.16851E-05	-7.077779294
161	2194	4	2	55	2	1	12.68857754	5.440121825	46.84015372	158.3519508	154.6515679	162.0523338	99.8369586	216.8669431	0.000016056	2.64804918
126	1661	3	2	26	1	1	11.22497216	5.013297935	40.75536775	116.8681412	114.3683103	119.3679721	58.41678848	175.3194939	8.67623E-05	9.13185879
85	1472	3	2	24	1	1	9.219544457	4.396829672	38.36665219	102.1581224	99.57894287	104.737302	43.70332236	160.6129225	0.000326135	-17.15812241
190.5	2610	4	3	15	2	1	13.80217374	5.753935554	51.0881591	190.7295583	185.4093346	196.049782	132.0898426	249.3692741	2.52E-07	-0.22955833
127	1900	4	2	12	1	1	11.26942767	5.026525695	43.58898944	135.4696994	132.6376924	138.3017063	77.00319831	193.9362004	9.58889E-05	-8.46969936
115	1767	3	2	25	1	1	10.7238053	4.862944131	42.03569911	125.1182047	122.5258441	127.7105652	66.66282155	183.5735878	0.00011458	-10.11820466
79.5	1525	3	2	5	1	1	8.91627725	4.299873802	39.05124838	106.2831541	103.7575966	108.8087117	47.83069549	164.7356128	0.000761838	-26.78315414
79.95	1044	3	2	1	1	1	8.941476388	4.307971512	32.31098884	68.84654546	65.17874739	72.51434352	10.3336048	127.3594861	0.000277306	11.10345454
68	1131	2	2	42	1	1	8.246211251	4.081655102	33.63034344	75.61782395	72.24011517	78.99553273	17.12235064	134.1132973	0.000110565	-7.61782395
107	1254	3	2	21	1	1	10.34408043	4.747459399	35.41186242	85.19101079	82.17517186	88.20684971	26.71531698	143.6667046	0.000721449	21.80898922
95	1364	3	2	14	2	1	9.746794345	4.562902635	36.93237063	93.75239739	90.99601605	96.50877872	35.2895107	152.2152841	1.97E-06	1.247602615
111.6	1646	4	3	5	2	1	10.56409012	4.814539249	40.57092555	115.7006794	113.2060961	118.1952627	57.24955086	174.1518079	1.74218E-05	-4.1006794
51.9	1189	3	2	57	1	1	7.204165462	3.730116986	34.4818793	80.13200961	76.93296627	83.33105296	21.646581	138.6174382	0.001361234	-28.23200961
58.9	1088	3	2	17	1	1	7.674633542	3.890795739	32.98484501	72.2711001	68.7530184	75.78918179	13.76735338	130.7748468	0.000369745	-13.3711001
60	1135	4	2	14	1	1	7.745966692	3.914867641	33.68976106	75.9291471	72.5641711	79.2941231	17.43440763	134.4238866	0.000479774	-15.9291471
59	770	2	1	47	1	1	7.681145748	3.892996416	27.74887385	47.52090974	42.8203734	52.22144609	-11.06583384	106.1076533	0.000489276	11.47909026
70	1148	3	2	20	1	1	8.366600265	4.1212853	33.88214869	76.94094733	73.61694849	80.26494617	18.44855082	135.4333439	8.88744E-05	-6.940947334
89.9	1064	3	2	0	1	1	9.481561053	4.479744352	32.61901286	70.4031612	66.80413071	74.00219169	11.89449089	128.9118315	0.000823007	19.4968388
180	2845	5	4	3	2	1	13.41640787	5.646216173	53.33854141	209.0197933	202.6975997	215.341987	150.2806955	267.7588912	0.005716933	-29.01979334
83.5	1040	3	2	5	1	1	9.137833441	4.370812319	32.24903099	68.53522231	64.85353417	72.21691045	10.02140933	127.0490353	0.000507566	14.96477769
105.505	1665	3	2	16	1	1	10.27156269	4.725245175	40.80441153	117.1794644	114.6778973	119.6810314	58.72803735	175.6308914	0.000142001	-11.67446436
192	1705	2	2	0	1	1	13.85640646	5.768998281	41.29164564	120.2926959	117.7660551	122.8193366	61.84019038	178.7452013	0.005465625	71.70730415
71	908	3	1	37	1	1	8.426149773	4.140817749	30.13303835	58.26155839	54.09936029	62.42375649	-0.284452361	116.8075691	0.000471086	12.73844161
83	1480	3	2	54	1	1	9.110433579	4.362070672	38.47076812	102.7807687	100.2111728	105.3503646	44.32639073	161.2351467	0.000430227	-19.78076871
91.5	1413	3	2	14	1	1	9.565563235	4.506164391	37.58989226	97.56610596	94.90073251	100.2314794	39.10743939	156.0247725	4.35458E-05	-6.066105962
99	1706	3	2	39	1	1	9.949874371	4.626065009	41.30375286	120.3705266	117.8430814	122.8979719	61.91798639	178.8230669	0.000485759	-21.37052663
160.75	1724	3	2	0	1	1	12.67872233	5.437304569	41.52107898	121.7714808	119.2280985	124.3148632	63.31824928	180.2247123	0.001636521	38.9785192
77.7	1040	3	2	4	1	1	8.814760348	4.267173876	32.24903099	68.53522231	64.85353417	72.21691045	10.02140933	127.0490353	0.000190369	9.164777692
82.9	1093	3	2	10	1	1	9.104943712	4.360318132	33.06055051	72.66025403	69.15881056	76.16169751	14.15750548	131.1630026	0.000214783	10.23974597
105	1000	3	1	55	1	1	10.24695077	4.71769398	31.6227766	65.42199082	61.59904457	69.24493706	6.899120077	123.9448616	0.003830304	39.57800918
100	2296	4	3	16	2	1	10	4.641588834	47.9165942	166.2906911	162.2211134	170.3602689	107.7511921	224.8301901	0.01219076	-66.29069113
134.5	2137	3	2	43	1	1	11.59741351	5.123586761	46.22769733	153.915596	150.4096227	157.4215692	95.41257611	212.4186158	0.000774201	-19.41559595
88.9	1080	2	1	50	1	1	9.428679653	4.46307228	32.86335345	71.6484538	68.10358632	75.19332128	13.14309022	130.1538174	0.000624973	17.2515462
75	1427	3	2	24	1	1	8.660254038	4.217163327	37.77565354	98.65573698	96.01321864	101.2982553	40.19810801	157.113366	0.000650861	-23.65573698
102	1649	3	2	44	1	1	10.09950494	4.672328728	40.60788101	115.9341718	113.4386989	118.4296447	57.48300525	174.3853383	0.000201305	-13.93417176
102	1280	3	2	5	1	1	10.09950494	4.672328728	35.77708764	87.21461125	84.26628969	90.16293282	28.74236073	145.6868618	0.000316833	14.78538875
77	978	2	1	66	1	1	8.774964387	4.254320865	31.27299154	63.7097135	59.8073578	67.61206919	5.181601776	122.2378252	0.000450203	13.2902865
114.45	2224	4	3	12	2	1	10.69813068	4.855179219	47.15930449	160.6868744	156.8805129	164.493236	102.1650847	219.2086641	0.005181954	-46.23687444
85	1289	3	2	45	1	1	9.219544457	4.396829672	35.90264614	87.91508834	84.98930081	90.84087587	29.44396971	146.386207	1.21275E-05	-2.91508834
152	2359	5	3	6	2	1	12.32882801	5.336803297	48.56953778	171.1940307	166.8853147	175.5027468	112.6374212	229.7506402	0.001147012	-19.19403072
111	1642	3	2	1	1	1	10.53565375	4.805895534	40.52159918	115.3893563	112.8958343	117.8828782	56.938273	173.8404395	0.000019944	-4.38935625
79.95	1028	3	1	33	1	1	8.941476388	4.307971512	32.06243908	67.60125286	63.87763055	71.32487517	9.08478642	126.1177193	0.000353602	12.34874714
146	2134	4	3	16	2	1	12.08304597	5.265637428	46.19523785	153.6821036	150.1860879	157.1781193	95.17967964	212.1845275	0.00012051	-7.68210359
68	1141	3	2	10	1	1	8.246211251	4.081655102	33.77869151	76.39613182	73.05014593	79.74211771	17.90248171	134.8897819	0.000131784	-8.396131823
80	1900	4	2	36	1	1	8.94427191	4.30886938	43.58898944	135.4696994	132.6376924	138.3017063	77.00319831	193.9362004	0.004112861	-55.46969936
203	2200	4	3	10	2	1	14.24780685	5.877130659	46.9041576	158.8189356	155.0975468	162.5403243	100.3026112	217.3352599	0.004520801	44.18106445
127.5	2163	4	3	16	2	1	11.29158979	5.033113548	46.50806382	155.9391964	152.3457408	159.5326521	97.43086876	214.4475241	0.001745633	-28.43919642
77	1211	3	1	47	1	1	8.774964387	4.254320865	34.79942528	81.84428693	78.70941601	84.97915786	23.36233333	140.3262405	3.84773E-05	-4.844286932
112	1943	4	3	5	2	1	10.58300524	4.820284528	44.07947368	138.8164232	135.8822657	141.7505808	80.34488517	197.2879613	0.001032197	-26.81642322
89	1326	3	2	33	1	1	9.433981132	4.464745096	36.41428291	90.79482747	87.95686976	93.63278518	32.32803787	149.2616171	4.32E-06	-1.794827469
70	1146	3	2	13	1	1	8.366600265	4.1212853	33.85262176	76.78528576	73.45502357	80.11554795	18.29253298	135.2780385	8.52552E-05	-6.785285759
56	1427	3	2	0	1	1	7.483314774	3.825862366	37.77565354	98.65573698	96.01321864	101.2982553	40.19810801	157.113366	0.002116264	-42.65573698
57	1000	3	1	20	1	1	7.549834435	3.848501131	31.6227766	65.42199082	61.59904457	69.24493706	6.899120077	123.9448616	0.000173442	-8.421990817
75.3	1525	3	2	5	1	1	8.67755726	4.22277873	39.05124838	106.2831541	103.7575966	108.8087117	47.83069549	164.7356128	0.001019508	-30.98315414
100.16	1605	3	2	17	1	1	10.0079968	4.644063029	40.06245125	112.5096171	110.0191348	115.0000995	54.05866346	170.9605708	0.00015749	-12.34961712
83.9	1552	3	2	29	1	1	9.159694318	4.377780545	39.39543121	108.3845854	105.8771653	110.8920055	49.9329076	166.8362632	0.00062754	-24.48458539
110	1666	4	2	20	1	1	10.48808848	4.791419857	40.81666326	117.2572951	114.7552719	119.7593184	58.80584861	175.7087417	5.48942E-05	-7.25729514
87	1360	3	2	42	1	1	9.327379053	4.431047622	36.87817783	93.44107424	90.67654095	96.20560752	34.97780264	151.9043458	5.28333E-05	-6.441074236
105.9	1503	3	2	13	1	1	10.29077257	4.731134777	38.76854395	104.5708768	102.0259098	107.1158438	46.11757632	163.0241773	1.91E-06	1.32912318
105	1655	3	2	16	1	1	10.24695077	4.71769398	40.68169121	116.4011565	113.9036643	118.8986486	57.94990373	174.8524092	0.000134988	-11.40115648
70	1475	3	3	4	2	1	8.366600265	4.1212853	38.40572874	102.3916148	99.81608983	104.9671397	43.93697586	160.8462537	0.001159008	-32.39161477
85	1465	3	2	10	1	1	9.219544457	4.396829672	38.27531842	101.6133069	99.02531847	104.2012953	43.15811752	160.0684963	0.000307853	-16.6133069
112	1367	3	2	16	1	1	10.58300524	4.820284528	36.9729631	93.98588975	91.23555311	96.73622639	35.52328774	152.4484918	0.000409001	18.01411025
63.575	960	3	2	17	1	1	7.973393255	3.991126162	30.98386677	62.30875933	58.34059139	66.27692726	3.776222747	120.8412959	4.23E-06	1.266240674
78	1067	3	2	10	1	1	8.831760866	4.272658682	32.66496594	70.63665356	67.04783752	74.22546961	12.12861068	129.1446965	0.000116718	7.363346436
128	1978	4	3	17	2	1	11.3137085	5.0396842	44.47471192	141.5405008	138.5156732	144.5653284	83.06434269	200.0166589	0.000279771	-13.54050077
130	1689	3	2	28	1	1	11.40175425	5.065797019	41.09744518	119.0474033	116.5324636	121.5623429	60.5954024	177.4994041	0.000126328	10.95259675
87.5	1446	3	2	40	1	1	9.354143467	4.439520009	38.02630668	100.1345219	97.52066566	102.7483782	41.6781816	158.5908623	0.000181644	-12.63452194
72.5	998	2	1	45	1	1	8.514693183	4.169775458	31.591138	65.26632924	61.43621235	69.09644613	6.74298965	123.7896688	0.000128435	7.233670758
105	2108	4	3	16	1	1	10.24695077	4.71769398	45.91296113	151.6585031	148.2475394	155.0694668	93.16110014	210.1559061	0.004230413	-46.65850312
62	1271	3	2	2	1	1	7.874007874	3.95789161	35.65108694	86.51413417	83.54284161	89.48542672	28.04072089	144.9875475	0.000884655	-24.51413417
157	2144	3	3	16	2	1	12.52996409	5.394690712	46.30334761	154.4604115	150.9310921	157.9897309	95.95598789	212.964835	1.34241E-05	2.53958854
151	1763	3	3	0	2	1	12.28820573	5.325074022	41.98809355	124.8068815	122.2197101	127.3940529	66.35172829	183.2620347	0.000764768	26.19311849
126.5	1668	3	2	19	1	1	11.24722188	5.019920529	40.84115571	117.4129567	114.9099948	119.9159187	58.96146999	175.8644434	0.000086129	9.08704328
124	1979	4	3	18	2	1	11.13552873	4.986630952	44.48595284	141.6183316	138.5908207	144.6458424	83.14203462	200.0946285	0.000474501	-17.61833156
140	2510	4	3	5	2	1	11.83215957	5.192494102	50.0999002	182.9464796	178.0385546	187.8544046	124.3427322	241.550227	0.007474917	-42.9464796
52	796	2	1	0	1	1	7.211102551	3.732511157	28.21347196	49.54451021	44.94764141	54.14137902	-9.034007047	108.1230275	2.13992E-05	2.455489787
121.5	2034	5	2	19	1	1	11.02270384	4.952890873	45.09988914	145.8990249	142.7166222	149.0814275	87.4145041	204.3835456	0.001006091	-24.39902486
91.3	1425	3	2	15	1	1	9.555103349	4.502878816	37.74917218	98.50007541	95.85438109	101.1457697	40.04230279	156.957848	6.04417E-05	-7.200075409
68.5	1300	3	2	50	1	1	8.276472679	4.091634739	36.05551276	88.771227	85.87237283	91.67008117	30.30144987	147.2410041	0.000575645	-20.271227
52.4	803	2	1	23	1	1	7.238784428	3.742057263	28.33725463	50.08932572	45.52020567	54.65844578	-8.487020524	108.665672	1.87187E-05	2.310674276
146	1999	4	3	18	2	1	12.08304597	5.265637428	44.71017781	143.1749473	140.092743	146.2571516	84.6957932	201.6541014	1.26473E-05	2.82505269
101.95	1694	3	2	44	1	1	10.09702927	4.671565151	41.15823126	119.4365572	116.9181986	121.9549158	60.98440914	177.8887052	0.000322893	-17.48655719
74.5	1120	3	2	17	1	1	8.631338251	4.20777095	33.46640106	74.76168529	71.34866732	78.17470326	16.26416249	133.2592081	1.33E-07	-0.26168529
109.95	1674	3	2	17	1	1	10.48570455	4.790693774	40.91454509	117.8799414	115.3739518	120.3859311	59.42832499	176.3315579	6.57503E-05	-7.92994144
143.75	2204	3	2	21	1	1	11.98957881	5.238447766	46.94677838	159.1302587	155.3948124	162.865705	100.6130387	217.6474787	0.000552042	-15.3802587
95	1338	4	2	13	1	1	9.746794345	4.562902635	36.57868232	91.72879692	88.91758153	94.54001231	33.26329928	150.1942946	1.40934E-05	3.271203084
88.5	1477	3	2	31	1	1	9.407443861	4.456368444	38.4317577	102.5472764	99.97414737	105.1204053	44.09274295	161.0018097	0.000217568	-14.04727635
122	1800	4	3	7	2	1	11.04536102	4.959675664	42.42640687	127.6866206	125.0466785	130.3265627	69.22910807	186.1441332	3.75381E-05	-5.68662064
66.95	954	3	1	18	1	1	8.182297966	4.060537514	30.88689042	61.8417746	57.85150815	65.83204106	3.307735719	120.3758135	6.95676E-05	5.108225398
108	1634	3	2	40	1	1	10.39230485	4.762203156	40.42276586	114.76671	112.2748826	117.2585373	56.31569897	173.2177209	4.73339E-05	-6.76670995
144	2678	5	3	7	2	1	12	5.241482788	51.74939613	196.0220519	190.416065	201.6280388	137.3557194	254.6883844	0.014372064	-52.02205187
77	957	2	1	42	1	1	8.774964387	4.254320865	30.9354166	62.07526696	58.09605964	66.05447429	3.541980942	120.608553	0.000590537	14.92473304
120	1536	3	2	66	1	1	10.95445115	4.932424149	39.19183589	107.1392928	104.6218881	109.6566975	48.68718584	165.5913998	0.000174522	12.8607072
144.5	2534	5	3	2	2	1	12.02081528	5.247542312	50.3388518	184.8144185	179.8085068	189.8203302	126.2023836	243.4264534	0.006856331	-40.3144185
292.45	2863	4	4	3	2	1	17.10116955	6.637693712	53.50700889	210.4207475	204.0203423	216.8211527	151.6731802	269.1683149	0.046843338	82.02925249
92.5	1329	4	2	47	1	1	9.617692031	4.522520848	36.45545227	91.02831983	88.19713033	93.85950933	32.56185837	149.4947813	2.89E-06	1.471680169
57	1111	3	1	46	1	1	7.549834435	3.848501131	33.33166663	74.06120821	70.61898733	77.50342908	15.56197431	132.5604421	0.000576128	-17.06120821
109	1562	4	2	5	2	1	10.44030651	4.776856181	39.52214569	109.1628933	106.6605752	111.6652113	50.71143411	167.6143524	2.77E-08	-0.16289327
115.999	1440	3	2	0	1	1	10.77028319	4.876984947	37.94733192	99.66753722	97.04492746	102.290147	41.21080481	158.1242696	0.000305541	16.33146278
103	1655	3	2	18	1	1	10.14889157	4.687548148	40.68169121	116.4011565	113.9036643	118.8986486	57.94990373	174.8524092	0.000186501	-13.40115648
88.5	1029	3	1	43	1	1	9.407443861	4.456368444	32.07802987	67.67908365	63.95897076	71.39919653	9.16284042	126.1953269	0.001003327	20.82091635
126	1980	4	2	17	1	1	11.22497216	5.013297935	44.49719092	141.6961624	138.6659633	144.7263614	83.21972617	200.1725985	0.000377285	-15.69616235
88.5	1536	3	2	16	1	1	9.407443861	4.456368444	39.19183589	107.1392928	104.6218881	109.6566975	48.68718584	165.5913998	0.000366589	-18.6392928
85	1229	2	2	4	1	1	9.219544457	4.396829672	35.05709629	83.2452411	80.16126497	86.32921724	24.76599358	141.7244886	4.89E-06	1.754758897
96.5	1057	3	1	35	1	1	9.823441352	4.586792613	32.51153641	69.85834569	66.23537809	73.4813133	11.34819806	128.3684933	0.001557397	26.64165431
66.5	950	2	1	10	1	1	8.154753215	4.05141951	30.82207002	61.53045145	57.52540905	65.53549386	2.995403437	120.0654995	6.63348E-05	4.969548547
73.5	1150	3	2	31	1	1	8.5732141	4.188859364	33.91164992	77.09660891	73.77885836	80.41435945	18.60456714	135.5886507	2.37728E-05	-3.596608908
135	1877	3	2	33	1	1	11.61895004	5.12992784	43.32435805	133.6795913	130.8976758	136.4615067	75.21549514	192.1436874	2.25E-06	1.32040874
106.5	1630	4	3	2	2	1	10.31988372	4.740053054	40.37325848	114.4553868	111.9641924	116.9465812	56.0044028	172.9063708	6.53911E-05	-7.9553868
70.552	1026	2	1	48	1	1	8.399523796	4.132090041	32.03123476	67.44559129	63.7149421	71.17624047	8.928677279	125.9625053	2.24614E-05	3.106408714
156	1920	3	3	0	2	1	12.489996	5.383212612	43.8178046	137.0263151	134.1481267	139.9045035	78.55755892	195.4950713	0.00049711	18.97368489
67	960	2	2	36	2	1	8.185352772	4.0615481	30.98386677	62.30875933	58.34059139	66.27692726	3.776222747	120.8412959	5.80195E-05	4.691240674
102	1485	3	2	20	1	1	10.09950494	4.672328728	38.53569774	103.1699227	100.606052	105.7337933	44.71579607	161.6240492	1.50E-06	-1.16992265
76	1389	3	2	21	1	1	8.717797887	4.235823584	37.26929031	95.69816707	92.99030553	98.40602861	37.23754788	154.1587863	0.000473994	-19.69816707
74	751	2	1	0	1	1	8.602325267	4.198336454	27.40437921	46.04212479	41.26525874	50.81899083	-12.55079229	104.6350419	0.00299864	27.95787522
68	1154	3	2	16	1	1	8.246211251	4.081655102	33.9705755	77.40793206	74.10263259	80.71323153	18.91659521	135.8992689	0.000161434	-9.407932057
124	2226	4	3	16	2	1	11.13552873	4.986630952	47.18050445	160.842536	157.0290269	164.6560452	102.320281	219.3647911	0.003302624	-36.84253602
99.5	2100	3	2	57	1	1	9.974968672	4.633839923	45.82575695	151.0358568	147.6505971	154.4211165	92.53994701	209.5317666	0.005083061	-51.53585682
89	1224	3	2	35	1	1	9.433981132	4.464745096	34.98571137	82.85608717	79.75812362	85.95405071	24.37610034	141.336074	6.04351E-05	6.143912833
149.111	1440	3	2	0	1	1	12.21110151	5.302775335	37.94733192	99.66753722	97.04492746	102.290147	41.21080481	158.1242696	0.002800511	49.44346278
142.5	2436	4	4	22	2	1	11.93733639	5.223219634	49.35585072	177.1870013	172.5767738	181.7972289	118.6074343	235.7665684	0.004295434	-34.68700134
150.5	1723	3	2	4	1	1	12.26784415	5.319189957	41.50903516	121.69365	119.151225	124.2360751	63.24046014	180.1468399	0.000893139	28.80634998
105	1849	4	2	16	1	1	10.24695077	4.71769398	43	131.5003292	128.7747925	134.225866	73.03888866	189.9617698	0.000869159	-26.50032921
168	2120	4	3	7	2	1	12.9614814	5.517848353	46.04345773	152.5924726	149.1425364	156.0424087	94.09278418	211.092161	0.00047198	15.40752743
77	1176	3	1	42	1	1	8.774964387	4.254320865	34.2928564	79.12020938	75.88227707	82.35814168	20.63264072	137.607778	7.87E-06	-2.120209377
73	1086	2	2	12	1	1	8.544003745	4.179339196	32.95451411	72.11543852	68.59067925	75.64019779	13.61128987	130.6195872	1.62E-06	0.884561477
158.5	1551	2	2	0	1	1	12.58967831	5.411816829	39.38273734	108.3067546	105.798776	110.8147332	49.85505285	166.7584564	0.002638398	50.19324539
89	1642	3	1	71	1	1	9.433981132	4.464745096	40.52159918	115.3893563	112.8958343	117.8828782	56.938273	173.8404395	0.000720888	-26.38935625
76	1120	3	2	1	1	1	8.717797887	4.235823584	33.46640106	74.76168529	71.34866732	78.17470326	16.26416249	133.2592081	2.98E-06	1.23831471
62	1932	3	2	20	1	1	7.874007874	3.95789161	43.95452195	137.9602846	135.0532666	140.8673025	79.49010211	196.430467	0.008128721	-75.96028456
124.7	2117	4	3	16	2	1	11.16691542	4.995996796	46.01086828	152.3589802	148.9188333	155.7991271	93.85986831	210.8580921	0.001512322	-27.6589802
85.5	1124	2	1	48	1	1	9.246621005	4.405434058	33.52610923	75.07300844	71.67287955	78.47313733	16.57623624	133.5697806	0.000209922	10.42699156
90	1457	3	2	20	1	1	9.486832981	4.481404747	38.17066937	100.9906606	98.39212657	103.5891946	42.53500338	159.4463178	0.000135839	-10.9906606
102.5	1387	3	2	18	1	1	10.12422837	4.679950812	37.2424489	95.54250549	92.83091954	98.25409145	37.08171367	154.0032973	5.92961E-05	6.957494507
285	2640	4	2	0	1	1	16.88194302	6.580844365	51.38093032	193.064482	187.6186715	198.5102924	134.4132387	251.7157252	0.042313288	91.93551805
115	1760	3	2	7	1	1	10.7238053	4.862944131	41.95235393	124.5733892	121.9900258	127.1567525	66.11840435	183.0283739	0.00010186	-9.57338915
113	1694	3	2	11	1	1	10.63014581	4.834588127	41.15823126	119.4365572	116.9181986	121.9549158	60.98440914	177.8887052	0.000043748	-6.43655719
56.5	980	2	1	55	1	1	7.516648189	3.837215139	31.30495169	63.86537507	59.970286	67.76046414	5.337747403	122.3930027	0.000137751	-7.365375071
90	1183	3	2	38	1	1	9.486832981	4.481404747	34.39476704	79.66502489	76.44811993	82.88192985	21.17861656	138.1514332	0.000184473	10.33497511
66	1410	3	2	17	1	1	8.124038405	4.041240021	37.54996671	97.3326136	94.66215516	100.003072	38.87371496	155.7915122	0.001166223	-31.3326136
145	2703	5	3	16	2	1	12.04159458	5.253587873	51.99038373	197.9678216	192.255831	203.6798121	139.2912648	256.6443783	0.01547917	-52.96782155
98	1496	3	2	30	1	1	9.899494937	4.610436292	38.67815921	104.0260613	101.4740626	106.57806	45.57245424	162.4796684	0.000039381	-6.02606131
99.5	1148	3	2	15	1	1	9.974968672	4.633839923	33.88214869	76.94094733	73.61694849	80.26494617	18.44855082	135.4333439	0.000938817	22.55905267
105	1816	4	2	16	1	1	10.24695077	4.71769398	42.61455151	128.9319132	126.2659269	131.5978996	70.47321872	187.3906078	0.000678081	-23.93191323
87.5	1700	3	2	44	1	1	9.354143467	4.439520009	41.23105626	119.9035419	117.380795	122.4262889	61.45120463	178.3558792	0.001112637	-32.40354191
74.5	1258	3	2	5	1	1	8.631338251	4.20777095	35.4682957	85.50233393	82.49711	88.50755787	27.02718663	143.9774812	0.000182316	-11.00233393
75.5	1154	3	2	16	1	1	8.689073599	4.226514052	33.9705755	77.40793206	74.10263259	80.71323153	18.91659521	135.8992689	6.64E-06	-1.907932057
95	1288	2	1	66	1	1	9.746794345	4.562902635	35.88871689	87.83725755	84.90898814	90.76552697	29.36601468	146.3085004	7.33442E-05	7.162742448
76.4	852	2	1	47	1	1	8.740709353	4.243241854	29.18903904	53.9030343	49.5260917	58.2799769	-4.658634974	112.4647036	0.001626602	22.4969657
159.45	2243	4	2	15	1	1	12.62735127	5.422607552	47.36032095	162.1656594	158.2909985	166.0403203	103.6393877	220.6919311	1.85289E-05	-2.7156594
106.8	1677	3	2	32	2	1	10.33440855	4.744499635	40.95119046	118.1134338	115.6058116	120.621056	59.66174734	176.5651203	0.000134003	-11.3134338
197.5	2117	4	3	4	2	1	14.05346932	5.823566423	46.01086828	152.3589802	148.9188333	155.7991271	93.85986831	210.8580921	0.004028235	45.1410198
93	1524	4	2	12	1	1	9.643650761	4.530654896	39.03844259	106.2053234	103.678973	108.7316737	47.75283044	164.6578163	0.000185315	-13.20532335
149.99	2348	4	3	0	2	1	12.24704046	5.31317477	48.45616576	170.3378921	166.0714591	174.6043251	111.7843787	228.8914055	0.001263618	-20.34789206
145.5	1705	3	2	23	1	1	12.06233808	5.259619552	41.29164564	120.2926959	117.7660551	122.8193366	61.84019038	178.7452013	0.000675408	25.20730415
106	1623	3	2	19	1	1	10.29563014	4.732623491	40.28647416	113.9105713	111.4201402	116.4010024	55.45961981	172.3615228	6.46167E-05	-7.91057129
144.95	1724	3	3	0	2	1	12.03951826	5.252983942	41.52107898	121.7714808	119.2280985	124.3148632	63.31824928	180.2247123	0.000578685	23.1785192
90	1385	2	2	6	1	1	9.486832981	4.481404747	37.21558813	95.38684392	92.67150581	98.10218203	36.92587794	153.8478099	3.56447E-05	-5.386843918
82	1171	3	2	37	1	1	9.055385138	4.344481486	34.21987727	78.73105544	75.4779812	81.98412968	20.24264656	137.2194643	1.88756E-05	3.268944559
116	1797	3	2	16	1	1	10.77032961	4.876998961	42.39103679	127.4531283	124.817857	130.0883996	68.99582645	185.9104301	0.000151729	-11.45312828
69	1118	3	2	16	1	1	8.306623863	4.10156593	33.436507	74.60602372	71.1865403	78.02550713	16.10812334	133.1039241	0.000061378	-5.606023715
54	1280	3	2	0	1	1	7.348469228	3.77976315	35.77708764	87.21461125	84.26628969	90.16293282	28.74236073	145.6868618	0.001598908	-33.21461125
55	938	2	1	10	1	1	7.416198487	3.802952461	30.62678566	60.59648201	56.54690668	64.64605734	2.05837013	119.1345939	0.000086027	-5.596482006
92.9	1832	4	2	21	1	1	9.638464608	4.529030423	42.80186912	130.1772058	127.4833076	132.871104	71.71723175	188.6371799	0.001679956	-37.27720583
146	1551	3	2	0	1	1	12.08304597	5.265637428	39.38273734	108.3067546	105.798776	110.8147332	49.85505285	166.7584564	0.001487911	37.69324539
104.5	1667	3	2	13	1	1	10.22252415	4.710193659	40.82891133	117.3351259	114.8326378	119.8376141	58.88365949	175.7865924	0.000171767	-12.83512593
94	1885	3	2	17	1	1	9.695359715	4.546835944	43.41658669	134.3022376	131.5032752	137.1011999	75.83732781	192.7671473	0.002120551	-40.30223756
94	1791	3	2	91	2	1	9.695359715	4.546835944	42.32020794	126.9861436	124.3600096	129.6122776	68.52925293	185.4430342	0.001249838	-32.98614355
113.5	1681	3	2	24	1	1	10.65363788	4.841708297	41	118.424757	115.9148354	120.9346785	59.9729718	176.8765421	2.54387E-05	-4.92475695
115	1501	3	2	11	1	1	10.7238053	4.862944131	38.74274126	104.4152152	101.868281	106.9621495	45.96182906	162.8686014	0.000121019	10.58478476
65.101	764	2	1	75	1	1	8.068519071	4.022807211	27.64054992	47.05392502	42.32933539	51.77851465	-11.53475331	105.6426034	0.001221924	18.04707498
110	1695	3	2	15	1	1	10.48808848	4.791419857	41.1703777	119.514388	116.9953196	122.0334564	61.06220934	177.9665666	0.000095644	-9.51438797
78	1415	3	2	15	1	1	8.831760866	4.272658682	37.61648575	97.72176754	95.05974759	100.3837875	39.26325377	156.1802813	0.000459113	-19.72176754
87.95	1600	3	2	16	1	1	9.378166132	4.447117605	40	112.1204632	109.6294519	114.6114745	53.66948698	170.5714394	0.000603534	-24.17046318
162.95	2125	4	3	0	2	1	12.76518703	5.461996971	46.09772229	152.9816265	149.5153078	156.4479452	94.48096969	211.4822833	0.000199457	9.9683735
84.9	1064	3	2	0	1	1	9.2141196	4.395104749	32.61901286	70.4031612	66.80413071	74.00219169	11.89449089	128.9118315	0.000455011	14.4968388
83.5	1064	3	1	43	1	1	9.137833441	4.370812319	32.61901286	70.4031612	66.80413071	74.00219169	11.89449089	128.9118315	0.000371371	13.0968388
165	1700	3	2	60	2	1	12.84523258	5.484806552	41.23105626	119.9035419	117.380795	122.4262889	61.45120463	178.3558792	0.00215503	45.09645809
97	1552	3	2	16	1	1	9.848857802	4.594700892	39.39543121	108.3845854	105.8771653	110.8920055	49.9329076	166.8362632	0.000135672	-11.38458539
101	1446	3	2	7	1	1	10.04987562	4.657009508	38.02630668	100.1345219	97.52066566	102.7483782	41.6781816	158.5908623	8.52E-07	0.86547806
77	1072	2	1	69	1	1	8.774964387	4.254320865	32.74141109	71.0258075	67.4539556	74.5976594	12.51880273	129.5328123	7.61026E-05	5.974192499
100	1999	2	2	84	2	1	10	4.641588834	44.71017781	143.1749473	140.092743	146.2571516	84.6957932	201.6541014	0.002953983	-43.17494731
127	1426	3	1	0	1	1	11.26942767	5.026525695	37.76241518	98.5779062	95.93380361	101.2220088	40.12020559	157.0356068	0.000940697	28.4220938
78	1324	3	2	22	1	1	8.831760866	4.272658682	36.3868108	90.63916589	87.79666577	93.48166602	32.17215564	149.1061762	0.000215128	-12.63916589
90.25	2457	4	3	84	2	1	9.5	4.485550359	49.56813493	178.8214479	174.1274632	183.5154325	120.2352296	237.4076662	0.029046876	-88.57144788
76	1175	3	1	43	1	1	8.717797887	4.235823584	34.278273	79.04237859	75.801426	82.28333118	20.55464265	137.5301145	1.62274E-05	-3.04237859
89	1350	3	2	0	1	1	9.433981132	4.464745096	36.74234614	92.66276636	89.87739721	95.44813552	34.1985058	151.1270269	1.73445E-05	-3.662766363
96.5	1455	3	2	5	1	1	9.823441352	4.586792613	38.14446225	100.834999	98.23374956	103.4362485	42.37922104	159.290777	2.11771E-05	-4.33499903
75	1101	3	1	46	1	1	8.660254038	4.217163327	33.18132005	73.28290033	69.80791005	76.75789061	14.78172907	131.7840716	5.95E-06	1.717099668
128	1686	3	2	20	1	1	11.3137085	5.0396842	41.06093034	118.8139109	116.3009184	121.3269034	60.36199379	177.265828	8.87263E-05	9.18608911
78.5	1455	3	2	13	1	1	8.860022573	4.281768856	38.14446225	100.834999	98.23374956	103.4362485	42.37922104	159.290777	0.00056216	-22.33499903
80	1201	3	2	27	1	1	8.94427191	4.30886938	34.6554469	81.06597906	77.90220032	84.22975779	22.58246876	139.5494894	1.90E-06	-1.065979059
89.9	1064	3	2	0	1	1	9.481561053	4.479744352	32.61901286	70.4031612	66.80413071	74.00219169	11.89449089	128.9118315	0.000823007	19.4968388
111.999	1440	3	2	0	1	1	10.582958	4.820270182	37.94733192	99.66753722	97.04492746	102.290147	41.21080481	158.1242696	0.0001742	12.33146278
91.5	1457	3	2	20	1	1	9.565563235	4.506164391	38.17066937	100.9906606	98.39212657	103.5891946	42.53500338	159.4463178	0.000101291	-9.4906606
65	1195	3	2	23	2	1	8.062257748	4.020725759	34.56877204	80.59899434	77.41766059	83.78032809	22.11453173	139.0834569	0.000410953	-15.59899434
67.95	1092	3	2	24	1	1	8.243178998	4.080654451	33.04542328	72.58242325	69.07765853	76.08718796	14.07947582	131.0853707	0.000044042	-4.632423246
86	1291	3	2	6	1	1	9.273618496	4.414004962	35.93048845	88.07074991	85.14990959	90.99159024	29.59987862	146.5416212	6.10E-06	-2.070749914
208.55	2951	3	3	16	1	1	14.44126033	5.930209889	54.32310742	217.2698568	210.4847351	224.0549785	158.4791317	276.0605819	0.000596675	-8.71985679
83.25	1226	3	2	20	1	1	9.124143795	4.366445871	35.0142828	83.01174874	79.9193942	86.10410328	24.53205878	141.4914387	9.05E-08	0.238251259
178.71	2215	4	2	57	2	1	13.36824596	5.63269564	47.0637865	159.9863974	156.2120752	163.7607195	101.4666828	218.5061119	0.000835394	18.72360264
139.86	1677	3	2	28	1	1	11.82624201	5.190762693	40.95119046	118.1134338	115.6058116	120.621056	59.66174734	176.5651203	0.000495116	21.7465662
94.35	1486	3	2	26	1	1	9.713392816	4.55247219	38.54867054	103.2477534	100.6850033	105.8105036	44.79367599	161.7018309	8.65857E-05	-8.89775343
211.455	2636	4	3	17	2	1	14.54149236	5.957617999	51.34199061	192.7531588	187.324139	198.1821787	134.1034722	251.4028454	0.001740002	18.7018412
140.97	1919	4	2	14	1	1	11.87307879	5.204458701	43.80639223	136.9484843	134.072661	139.8243076	78.47984451	195.4171241	2.22952E-05	4.02151568
127.65	1784	3	2	27	1	1	11.29822995	5.035086544	42.23742416	126.441328	123.8255067	129.0571494	67.9848998	184.8977563	1.66E-06	1.20867196
88.245	1540	3	2	7	1	1	9.393880987	4.452084198	39.24283374	107.450616	104.9359165	109.9653154	48.99862543	165.9026065	0.000388364	-19.20561595
88.7445	1054	3	2	3	1	1	9.420429927	4.460468557	32.46536616	69.62485333	65.99158319	73.25812347	11.11406686	128.1356398	0.000806719	19.11964667
75.48	1142	2	2	44	1	1	8.687922652	4.226140817	33.7934905	76.47396261	73.13112888	79.81679634	17.98049273	134.9674325	1.84E-06	-0.99396261
118.77	1266	3	2	23	1	1	10.89816498	4.91551379	35.58089375	86.12498023	83.14074092	89.10921955	27.65090764	144.5990528	0.001582599	32.64501977
92.15	1377	3	2	16	2	1	9.599479153	4.516809558	37.10795063	94.76419762	92.03357582	97.49481942	36.30251977	153.2258755	8.49E-06	-2.61419762
108.252	1662	4	3	7	2	1	10.40442214	4.765904215	40.76763422	116.945972	114.4457203	119.4462237	58.49460127	175.3973427	7.86676E-05	-8.69397199
50.343	1200	3	2	59	1	1	7.095280121	3.692436461	34.64101615	80.98814827	77.82145455	84.154842	22.5044802	139.4718163	0.001571419	-30.64514827
57.133	1098	3	2	19	1	1	7.558637443	3.851492085	33.13608305	73.04940797	69.56452219	76.53429375	14.54764808	131.5511679	0.000514002	-15.91640797
58.2	1146	4	2	16	1	1	7.628892449	3.87532082	33.85262176	76.78528576	73.45502357	80.11554795	18.29253298	135.2780385	0.000639622	-18.58528576
57.23	777	2	1	49	1	1	7.565051223	3.853670531	27.87471973	48.06572526	43.39319047	52.73826004	-10.51877835	106.6502289	0.000308091	9.164274745
67.9	1159	3	2	22	1	1	8.24014563	4.079653309	34.04408906	77.79708599	74.50726414	81.08690785	19.30662173	136.2875503	0.000176978	-9.897085994
87.203	1074	3	2	2	1	1	9.338254655	4.434491315	32.77193922	71.18146908	67.61638166	74.74655649	12.67487688	129.6880613	0.000545243	16.02153093
174.6	2873	5	4	5	2	1	13.21362933	5.589179787	53.60037313	211.1990554	204.7551251	217.6429857	152.4467302	269.9513806	0.009455422	-36.59905538
80.995	1050	3	2	7	1	1	8.999722218	4.326659681	32.40370349	69.31353018	65.66648301	72.96057736	10.8018866	127.8251738	0.000303439	11.68146982
102.33985	1681	3	2	18	1	1	10.11631603	4.677512162	41	118.424757	115.9148354	120.9346785	59.9729718	176.8765421	0.00027137	-16.08490695
186.24	1722	2	2	2	1	1	13.64697769	5.710721587	41.49698784	121.6158192	119.0743431	124.1572954	63.16267062	180.0689678	0.004491666	64.62418077
68.87	917	3	1	39	1	1	8.298795093	4.098988448	30.28200786	58.96203547	54.83381198	63.09025896	0.418430265	117.5056407	0.000280314	9.907964527
80.51	1494	3	2	56	1	1	8.972736483	4.318006339	38.65229618	103.8703997	101.316317	106.4244825	45.41670164	162.3240978	0.000592778	-23.36039973
88.755	1427	3	2	16	1	1	9.420987209	4.460644467	37.77565354	98.65573698	96.01321864	101.2982553	40.19810801	157.113366	0.000114012	-9.900736984
96.03	1723	3	2	41	1	1	9.799489783	4.579333885	41.50903516	121.69365	119.151225	124.2360751	63.24046014	180.1468399	0.000708891	-25.66365002
155.9275	1741	3	2	2	1	1	12.48709334	5.382378545	41.72529209	123.0946042	120.5336699	125.6555385	64.64060633	181.5486021	0.001177297	32.83289581
75.369	1050	3	2	6	1	1	8.681532123	4.224068163	32.40370349	69.31353018	65.66648301	72.96057736	10.8018866	127.8251738	8.15401E-05	6.055469819
80.413	1103	3	2	12	1	1	8.967329591	4.316271503	33.21144381	73.43856191	69.97015217	76.90697165	14.93778116	131.9393427	9.77568E-05	6.974438094
101.85	1010	3	1	57	1	1	10.0920761	4.670037248	31.78049716	66.20029869	62.4130561	69.98754128	7.679749409	124.720848	0.003049422	35.64970131
97	2318	4	3	18	2	1	9.848857802	4.594700892	48.14561247	168.0029685	163.8507388	172.1551981	109.4576655	226.5482714	0.014565207	-71.00296845
130.465	2158	3	2	45	1	1	11.42212765	5.071829821	46.4542786	155.5500425	151.9735715	159.1265135	97.04275553	214.0573294	0.001345246	-25.08504248
86.233	1090	2	1	52	1	1	9.286172516	4.417987659	33.01514804	72.42676167	68.91534485	75.93817849	13.92341536	130.930108	0.000392699	13.80623833
72.75	1441	3	2	26	1	1	8.529361055	4.174562805	37.96050579	99.74536801	97.1242364	102.3664996	41.2887019	158.2020341	0.000833885	-26.99536801
98.94	1665	3	2	46	1	1	9.946858801	4.625130262	40.80441153	117.1794644	114.6778973	119.6810314	58.72803735	175.6308914	0.000346611	-18.23946436
98.94	1292	3	2	7	1	1	9.946858801	4.625130262	35.94440151	88.1485807	85.23020567	91.06695574	29.67783251	146.6193289	0.000165352	10.7914193
74.69	987	2	1	68	1	1	8.642337647	4.211344989	31.41655615	64.41019058	60.54046067	68.27992049	5.884245129	122.936136	0.000264821	10.27980942
111.0165	2246	4	3	14	2	1	10.53643678	4.806133652	47.39198244	162.3991518	158.5136271	166.2846764	103.8721598	220.9261437	0.006670904	-51.38265176
82.45	1301	3	2	47	1	1	9.080198236	4.352414215	36.06937759	88.84905779	85.95261834	91.74549723	30.37940033	147.3187152	5.72663E-05	-6.399057787
147.44	2382	5	3	8	2	1	12.14248739	5.282892508	48.80573737	172.9841388	168.5863441	177.3819336	114.4209074	231.5473703	0.002117342	-25.54413883
107.67	1658	3	2	3	1	1	10.37641557	4.757347815	40.71854614	116.6346488	114.1360272	119.1332705	58.18334782	175.0859499	8.35329E-05	-8.96464884
77.5515	1038	3	1	35	1	1	8.806332949	4.264453673	32.21800739	68.37956073	64.69091091	72.06821056	9.865309314	126.8938122	0.000191394	9.171939267
141.62	2155	4	3	18	2	1	11.90042016	5.212445535	46.42197755	155.3165501	151.7502337	158.8828665	96.80988303	213.8232172	0.000398755	-13.69655012
65.96	1152	3	2	12	1	1	8.121576202	4.040423444	33.9411255	77.25227048	73.94075309	80.56378788	18.76058194	135.743959	0.00023346	-11.29227048
77.6	1919	4	2	38	1	1	8.809086218	4.265342471	43.80639223	136.9484843	134.072661	139.8243076	78.47984451	195.4171241	0.004855693	-59.34848432
225.33	2222	4	3	12	2	1	15.01099597	6.085174064	47.138095	160.5312129	156.7319889	164.3304368	102.009887	219.0525388	0.010139259	64.79878713
141.525	2184	4	3	18	2	1	11.89642804	5.211279755	46.73328578	157.573643	153.9080506	161.2392354	99.06084051	216.0864454	0.000578619	-16.04864295
85.47	1223	3	1	49	1	1	9.244998648	4.404918742	34.9714169	82.77825638	79.67748135	85.87903141	24.29812054	141.2583922	1.16214E-05	2.691743621
124.32	1962	4	3	7	2	1	11.14988789	4.990916843	44.29446918	140.2952082	137.3126239	143.2777925	81.82122002	198.7691963	0.00037857	-15.97520818
98.79	1339	3	2	35	1	1	9.939315872	4.622791739	36.59234893	91.8066277	88.99760074	94.61565467	33.34123526	150.2720202	6.41288E-05	6.983372297
77.7	1157	3	2	15	1	1	8.814760348	4.267173876	34.0147027	77.64142442	74.34542309	80.93742575	19.15061227	136.1322366	6.22E-09	0.058575581
62.16	1441	3	2	2	1	1	7.884161338	3.961293323	37.96050579	99.74536801	97.1242364	102.3664996	41.2887019	158.2020341	0.001616462	-37.58536801
63.27	1010	3	1	22	1	1	7.95424415	3.984733474	31.78049716	66.20029869	62.4130561	69.98754128	7.679749409	124.720848	0.000020603	-2.93029869
83.583	1540	3	2	7	1	1	9.142373871	4.372260053	39.24283374	107.450616	104.9359165	109.9653154	48.99862543	165.9026065	0.000599792	-23.86761595
111.1776	1621	3	2	19	1	1	10.54407891	4.808457312	40.26164428	113.7549097	111.2646162	116.2452032	55.3039641	172.2058553	6.86E-06	-2.57730971
93.129	1567	3	2	31	1	1	9.650336782	4.532748747	39.58535083	109.5520472	107.0519496	112.0521448	51.10068306	168.0034113	0.000280681	-16.4230472
122.1	1682	4	2	22	1	1	11.04988688	4.961030396	41.01219331	118.5025877	115.9920694	121.013106	60.05077696	176.9543985	1.35804E-05	3.59741226
96.57	1373	3	2	44	1	1	9.827003613	4.587901414	37.05401463	94.45287447	91.71444741	97.19130153	35.99083153	152.9149174	5.60E-06	2.117125529
117.549	1518	3	2	15	1	1	10.84200166	4.898611296	38.96151948	105.7383386	103.2070516	108.2696256	47.28563214	164.1910451	0.000148821	11.81066137
116.55	1671	3	2	18	1	1	10.79583253	4.884694712	40.87786687	117.6464491	115.1420129	120.1508853	59.19489921	176.097999	1.26E-06	-1.09644908
77.7	1489	3	3	6	2	1	8.814760348	4.267173876	38.58756276	103.4812458	100.9218078	106.0406838	45.02731347	161.9351781	0.000725046	-25.78124579
94.35	1479	3	2	12	1	1	9.713392816	4.55247219	38.45776905	102.7029379	100.1321724	105.2737034	44.24850852	161.1573673	7.67869E-05	-8.35293792
124.32	1380	3	2	18	1	1	11.14988789	4.990916843	37.14835124	94.99768998	92.27285089	97.72252907	36.53628195	153.459098	0.001063579	29.32231002
70.56825	969	3	2	19	1	1	8.400491057	4.13240726	31.12876483	63.00923641	59.07406648	66.94440634	4.478927648	121.5395452	0.000148118	7.559013589
86.58	1077	3	2	12	1	1	9.304837452	4.423905695	32.81767816	71.41496144	67.85999784	74.96992504	12.90898527	129.9209376	0.000485714	15.16503856
142.08	1997	4	3	19	2	1	11.91973154	5.218083	44.68780594	143.0192857	139.9426374	146.095934	84.5404242	201.4981473	1.39E-06	-0.93928573
144.3	1705	3	2	30	1	1	12.0124935	5.245120182	41.29164564	120.2926959	117.7660551	122.8193366	61.84019038	178.7452013	0.000612632	24.00730415
97.125	1460	3	2	42	1	1	9.855201672	4.596673714	38.20994635	101.224153	98.62963296	103.818673	42.76867405	159.6796319	1.88372E-05	-4.09915296
80.475	1007	2	1	47	1	1	8.970785919	4.317380528	31.73326331	65.96680633	62.16887904	69.76473362	7.445564601	124.4880481	0.000507926	14.50819367
116.55	2129	4	3	18	1	1	10.79583253	4.884694712	46.14108798	153.2929497	149.8134651	156.7724342	94.79151125	211.7943881	0.002730647	-36.74294965
68.82	1283	3	2	4	1	1	8.295782061	4.097996245	35.81898938	87.44810362	84.50734245	90.38886478	28.97623382	145.9199734	0.000500335	-18.62810362
174.27	2165	3	3	18	2	1	13.20113632	5.585656319	46.5295605	156.094858	152.4945876	159.6951284	97.58611139	214.6036046	0.000715702	18.17514201
167.61	1780	3	3	2	2	1	12.94642808	5.513575281	42.19004622	126.1300049	123.5199069	128.7401029	67.67383248	184.5861773	0.00195221	41.47999511
140.415	1684	3	2	21	1	1	11.84968354	5.197619719	41.03656906	118.6582493	116.1465114	121.1699873	60.20638613	177.1101125	0.000497214	21.75675069
137.64	1998	4	3	20	2	1	11.7320075	5.163151731	44.69899328	143.0971165	140.0176926	146.1765405	84.61810889	201.5761242	4.71067E-05	-5.45711652
155.4	2535	4	3	7	2	1	12.46595363	5.37630219	50.3487835	184.8922493	179.8822408	189.9022578	126.2798644	243.5046342	0.003675427	-29.49224928
57.72	803	2	1	2	1	1	7.597367965	3.864637593	28.33725463	50.08932572	45.52020567	54.65844578	-8.487020524	108.665672	0.000204138	7.630674276
134.865	2054	5	2	21	1	1	11.61313911	5.128217294	45.32107677	147.4556406	144.2135887	150.6976925	88.96784374	205.9434375	0.000278109	-12.59064061
101.343	1439	3	2	17	1	1	10.06692605	4.662275348	37.93415348	99.58970643	96.96561087	102.213802	41.13290735	158.0465055	3.53E-06	1.753293569
76.035	1313	3	2	52	1	1	8.719805044	4.236473721	36.23534186	89.78302723	86.91511656	92.65093791	31.31477608	148.2512784	0.000259124	-13.74802723
58.164	811	2	1	25	1	1	7.626532633	3.87452162	28.47806173	50.71197202	46.17447778	55.24946627	-7.861915809	109.2858599	0.000191973	7.452027978
162.06	2018	4	3	20	2	1	12.73027887	5.452034703	44.92215489	144.6537323	141.5178179	147.7896466	86.17172272	203.1357418	0.000497103	17.40626774
113.1645	1710	3	2	46	1	1	10.63788043	4.836932977	41.35214626	120.6818498	118.1511009	123.2125986	62.2291666	179.134533	6.02641E-05	-7.51734978
82.695	1131	3	2	19	1	1	9.093679123	4.356721015	33.63034344	75.61782395	72.24011517	78.99553273	17.12235064	134.1132973	9.54275E-05	7.07717605
122.0445	1690	3	2	19	1	1	11.04737525	4.960278611	41.10960958	119.125234	116.6096279	121.6408401	60.67320451	177.5772636	8.98E-06	2.91926596
159.5625	2226	3	2	23	1	1	12.6318051	5.423882559	47.18050445	160.842536	157.0290269	164.6560452	102.320281	219.3647911	3.99E-06	-1.28003602
105.45	1351	4	2	15	1	1	10.26888504	4.724423938	36.7559519	92.74059715	89.95734062	95.52385369	34.2764372	151.2047571	0.000208512	12.70940285
98.235	1491	3	2	33	1	1	9.911357122	4.614118563	38.61346915	103.6369074	101.0796363	106.1941785	45.18306988	162.0907449	3.17771E-05	-5.40190737
135.42	1818	4	3	9	2	1	11.63700993	5.135242258	42.63801121	129.0875748	126.4182005	131.7569491	70.62872568	187.5464239	4.75964E-05	6.33242519
74.3145	963	3	1	20	1	1	8.620585827	4.204275691	31.0322413	62.54225169	58.58510322	66.49940015	4.010461133	121.0740422	0.000363312	11.77224831
119.88	1650	3	2	42	1	1	10.94897256	4.930779459	40.62019202	116.0120026	113.5162153	118.5077898	57.56082261	174.4631825	1.55158E-05	3.86799745
159.84	2704	5	3	9	2	1	12.6427845	5.427025018	52	198.0456523	192.3294118	203.7618928	139.3686817	256.722623	0.00806561	-38.20565233
85.47	966	2	1	44	1	1	9.244998648	4.404918742	31.08054054	62.77574405	58.82959498	66.72189312	4.2446961	121.306792	0.001342619	22.69425595
133.2	1551	3	2	68	1	1	11.54123044	5.107026072	39.38273734	108.3067546	105.798776	110.8147332	49.85505285	166.7584564	0.000648952	24.89324539
160.395	2559	5	3	4	2	1	12.66471476	5.433299041	50.58655948	186.7601882	181.6515323	191.8688441	128.1392888	245.3810876	0.003055951	-26.36518818
324.6195	2891	4	4	5	2	1	18.01720012	6.87266014	53.76802024	212.6000096	206.0776046	219.1224145	153.8390255	271.3609936	0.090803923	112.0194905
102.675	1342	4	2	49	1	1	10.13286731	4.682612684	36.63331817	92.04012007	89.2376209	94.84261924	33.57504089	150.5051992	0.000148033	10.63487994
63.27	1122	3	1	48	1	1	7.95424415	3.984733474	33.49626845	74.91734687	71.51078043	78.3239133	16.42020013	133.4144936	0.000262934	-11.64734687
120.99	1577	4	2	7	2	1	10.99954545	4.945951184	39.7114593	110.3303551	107.8340343	112.8266758	51.87915236	168.7815578	0.000117889	r_
